nifty50,nifty100,nifty200,nifty500,niftyall,niftybank,niftyit,niftypsubank,niftyfmcg,niftyprivatebank,niftymetal,niftypharma,niftyfinance
ADANIPORTS.NS,ACC.NS,ACC.NS,3MINDIA.NS,20MICRONS.NS,AXISBANK.NS,HCLTECH.NS,BANKBARODA.NS,BRITANNIA.NS,AXISBANK.NS,APLAPOLLO.NS,AUROPHARMA.NS,AXISBANK.NS
ASIANPAINT.NS,ADANIPORTS.NS,AUBANK.NS,ACC.NS,21STCENMGM.NS,BANDHANBNK.NS,HEXAWARE.NS,BANKINDIA.NS,COLPAL.NS,BANDHANBNK.NS,COALINDIA.NS,BIOCON.NS,BAJFINANCE.NS
AXISBANK.NS,ADANITRANS.NS,ADANIPORTS.NS,AIAENG.NS,3IINFOTECH.NS,BANKBARODA.NS,INFY.NS,MAHABANK.NS,DABUR.NS,CUB.NS,HINDALCO.NS,CADILAHC.NS,BAJAJFINSV.NS
BAJAJ-AUTO.NS,AMBUJACEM.NS,ADANIPOWER.NS,APLAPOLLO.NS,3MINDIA.NS,FEDERALBNK.NS,JUSTDIAL.NS,CANBK.NS,EMAMILTD.NS,FEDERALBNK.NS,HINDCOPPER.NS,CIPLA.NS,BAJAJHLDNG.NS
BAJFINANCE.NS,ASHOKLEY.NS,ADANITRANS.NS,AUBANK.NS,3PLAND.NS,HDFCBANK.NS,MINDTREE.NS,CENTRALBK.NS,GODREJCP.NS,HDFCBANK.NS,HINDZINC.NS,DIVISLAB.NS,CHOLAFIN.NS
BAJAJFINSV.NS,ASIANPAINT.NS,ABCAPITAL.NS,AARTIIND.NS,5PAISA.NS,ICICIBANK.NS,NIITTECH.NS,INDIANB.NS,GODREJIND.NS,ICICIBANK.NS,JSWSTEEL.NS,DRREDDY.NS,EDELWEISS.NS
BPCL.NS,AUROPHARMA.NS,ABFRL.NS,AAVAS.NS,63MOONS.NS,IDFCFIRSTB.NS,TCS.NS,IOB.NS,HINDUNILVR.NS,IDFCFIRSTB.NS,JINDALSTEL.NS,GLENMARK.NS,HDFCBANK.NS
BHARTIARTL.NS,DMART.NS,AJANTPHARM.NS,ABBOTINDIA.NS,A2ZINFRA.NS,INDUSINDBK.NS,TATAELXSI.NS,J&KBANK.NS,ITC.NS,INDUSINDBK.NS,MOIL.NS,LUPIN.NS,HDFCLIFE.NS
INFRATEL.NS,AXISBANK.NS,ALKEM.NS,ADANIGAS.NS,AARTIDRUGS.NS,KOTAKBANK.NS,TECHM.NS,PSB.NS,JUBLFOOD.NS,KOTAKBANK.NS,NMDC.NS,PEL.NS,HDFC.NS
BRITANNIA.NS,BAJAJ-AUTO.NS,AMARAJABAT.NS,ADANIGREEN.NS,AARTIIND.NS,PNB.NS,WIPRO.NS,PNB.NS,MARICO.NS,RBLBANK.NS,NATIONALUM.NS,SUNPHARMA.NS,ICICIBANK.NS
CIPLA.NS,BAJFINANCE.NS,AMBUJACEM.NS,ADANIPORTS.NS,AARVEEDEN.NS,RBLBANK.NS,,SBIN.NS,NESTLEIND.NS,,RATNAMANI.NS,,ICICIGI.NS
COALINDIA.NS,BAJAJFINSV.NS,APOLLOHOSP.NS,ADANIPOWER.NS,AAVAS.NS,SBIN.NS,,UCOBANK.NS,PGHH.NS,,SAIL.NS,,ICICIPRULI.NS
DRREDDY.NS,BAJAJHLDNG.NS,APOLLOTYRE.NS,ADANITRANS.NS,ABAN.NS,,,UNIONBANK.NS,TATACONSUM.NS,,TATASTEEL.NS,,IBULHSGFIN.NS
EICHERMOT.NS,BANDHANBNK.NS,ASHOKLEY.NS,ABCAPITAL.NS,ABB.NS,,,,UBL.NS,,VEDL.NS,,KOTAKBANK.NS
GAIL.NS,BANKBARODA.NS,ASIANPAINT.NS,ABFRL.NS,ABBOTINDIA.NS,,,,MCDOWELL-N.NS,,WELCORP.NS,,M&MFIN.NS
GRASIM.NS,BERGEPAINT.NS,AUROPHARMA.NS,ADVENZYMES.NS,ABCAPITAL.NS,,,,,,,,PFC.NS
HCLTECH.NS,BPCL.NS,DMART.NS,AEGISCHEM.NS,ABFRL.NS,,,,,,,,RECLTD.NS
HDFCBANK.NS,BHARTIARTL.NS,AXISBANK.NS,AFFLE.NS,ABMINTLTD.NS,,,,,,,,SBILIFE.NS
HEROMOTOCO.NS,INFRATEL.NS,BAJAJ-AUTO.NS,AJANTPHARM.NS,ACC.NS,,,,,,,,SRTRANSFIN.NS
HINDALCO.NS,BIOCON.NS,BAJFINANCE.NS,AKZOINDIA.NS,ACCELYA.NS,,,,,,,,SBIN.NS
HINDUNILVR.NS,BOSCHLTD.NS,BAJAJFINSV.NS,APLLTD.NS,ACE.NS,,,,,,,,
HDFC.NS,BRITANNIA.NS,BAJAJHLDNG.NS,ALKEM.NS,ADANIENT.NS,,,,,,,,
ICICIBANK.NS,CADILAHC.NS,BALKRISIND.NS,ALLCARGO.NS,ADANIGAS.NS,,,,,,,,
ITC.NS,CIPLA.NS,BANDHANBNK.NS,AMARAJABAT.NS,ADANIGREEN.NS,,,,,,,,
IOC.NS,COALINDIA.NS,BANKBARODA.NS,AMBER.NS,ADANIPORTS.NS,,,,,,,,
INDUSINDBK.NS,COLPAL.NS,BANKINDIA.NS,AMBUJACEM.NS,ADANIPOWER.NS,,,,,,,,
INFY.NS,CONCOR.NS,BATAINDIA.NS,APOLLOHOSP.NS,ADANITRANS.NS,,,,,,,,
JSWSTEEL.NS,DLF.NS,BERGEPAINT.NS,APOLLOTYRE.NS,ADFFOODS.NS,,,,,,,,
KOTAKBANK.NS,DABUR.NS,BEL.NS,ARVINDFASN.NS,ADHUNIKIND.NS,,,,,,,,
LT.NS,DIVISLAB.NS,BHARATFORG.NS,ASAHIINDIA.NS,ADORWELD.NS,,,,,,,,
M&M.NS,DRREDDY.NS,BHEL.NS,ASHOKLEY.NS,ADROITINFO.NS,,,,,,,,
MARUTI.NS,EICHERMOT.NS,BPCL.NS,ASHOKA.NS,ADSL.NS,,,,,,,,
NTPC.NS,GAIL.NS,BHARTIARTL.NS,ASIANPAINT.NS,ADVANIHOTR.NS,,,,,,,,
NESTLEIND.NS,GICRE.NS,INFRATEL.NS,ASTERDM.NS,ADVENZYMES.NS,,,,,,,,
ONGC.NS,GODREJCP.NS,BIOCON.NS,ASTRAZEN.NS,AEGISCHEM.NS,,,,,,,,
POWERGRID.NS,GRASIM.NS,BBTC.NS,ASTRAL.NS,AFFLE.NS,,,,,,,,
RELIANCE.NS,HCLTECH.NS,BOSCHLTD.NS,ATUL.NS,AGARIND.NS,,,,,,,,
SHREECEM.NS,HDFCAMC.NS,BRITANNIA.NS,AUROPHARMA.NS,AGCNET.NS,,,,,,,,
SBIN.NS,HDFCBANK.NS,CESC.NS,AVANTIFEED.NS,AGRITECH.NS,,,,,,,,
SUNPHARMA.NS,HDFCLIFE.NS,CADILAHC.NS,DMART.NS,AGROPHOS.NS,,,,,,,,
TCS.NS,HAVELLS.NS,CANBK.NS,AXISBANK.NS,AHLEAST.NS,,,,,,,,
TATAMOTORS.NS,HEROMOTOCO.NS,CASTROLIND.NS,BASF.NS,AHLUCONT.NS,,,,,,,,
TATASTEEL.NS,HINDALCO.NS,CHOLAFIN.NS,BEML.NS,AHLWEST.NS,,,,,,,,
TECHM.NS,HINDPETRO.NS,CIPLA.NS,BSE.NS,AIAENG.NS,,,,,,,,
TITAN.NS,HINDUNILVR.NS,CUB.NS,BAJAJ-AUTO.NS,AIONJSW.NS,,,,,,,,
UPL.NS,HINDZINC.NS,COALINDIA.NS,BAJAJCON.NS,AIRAN.NS,,,,,,,,
ULTRACEMCO.NS,HDFC.NS,COLPAL.NS,BAJAJELEC.NS,AJANTPHARM.NS,,,,,,,,
VEDL.NS,ICICIBANK.NS,CONCOR.NS,BAJFINANCE.NS,AJMERA.NS,,,,,,,,
WIPRO.NS,ICICIGI.NS,COROMANDEL.NS,BAJAJFINSV.NS,AKASH.NS,,,,,,,,
ZEEL.NS,ICICIPRULI.NS,CROMPTON.NS,BAJAJHLDNG.NS,AKSHARCHEM.NS,,,,,,,,
,ITC.NS,CUMMINSIND.NS,BALKRISIND.NS,AKSHOPTFBR.NS,,,,,,,,
,IBULHSGFIN.NS,DLF.NS,BALMLAWRIE.NS,AKZOINDIA.NS,,,,,,,,
,IOC.NS,DABUR.NS,BALRAMCHIN.NS,ALANKIT.NS,,,,,,,,
,INDUSINDBK.NS,DALBHARAT.NS,BANDHANBNK.NS,ALBERTDAVD.NS,,,,,,,,
,INFY.NS,DIVISLAB.NS,BANKBARODA.NS,ALCHEM.NS,,,,,,,,
,INDIGO.NS,DRREDDY.NS,BANKINDIA.NS,ALEMBICLTD.NS,,,,,,,,
,JSWSTEEL.NS,EDELWEISS.NS,MAHABANK.NS,ALICON.NS,,,,,,,,
,KOTAKBANK.NS,EICHERMOT.NS,BATAINDIA.NS,ALKALI.NS,,,,,,,,
,L&TFH.NS,EMAMILTD.NS,BAYERCROP.NS,ALKEM.NS,,,,,,,,
,LT.NS,ENDURANCE.NS,BERGEPAINT.NS,ALKYLAMINE.NS,,,,,,,,
,LUPIN.NS,ENGINERSIN.NS,BDL.NS,ALLCARGO.NS,,,,,,,,
,M&M.NS,ESCORTS.NS,BEL.NS,ALLSEC.NS,,,,,,,,
,MARICO.NS,EXIDEIND.NS,BHARATFORG.NS,ALMONDZ.NS,,,,,,,,
,MARUTI.NS,FEDERALBNK.NS,BHEL.NS,ALOKINDS.NS,,,,,,,,
,MOTHERSUMI.NS,FORTIS.NS,BPCL.NS,ALPA.NS,,,,,,,,
,NHPC.NS,FCONSUMER.NS,BHARTIARTL.NS,ALPHAGEO.NS,,,,,,,,
,NMDC.NS,FRETAIL.NS,INFRATEL.NS,ALPSINDUS.NS,,,,,,,,
,NTPC.NS,GAIL.NS,BIOCON.NS,AMARAJABAT.NS,,,,,,,,
,NESTLEIND.NS,GMRINFRA.NS,BIRLACORPN.NS,AMBER.NS,,,,,,,,
,ONGC.NS,GICRE.NS,BSOFT.NS,AMBIKCO.NS,,,,,,,,
,OFSS.NS,GLENMARK.NS,BLISSGVS.NS,AMBUJACEM.NS,,,,,,,,
,PAGEIND.NS,GODREJAGRO.NS,BLUEDART.NS,AMDIND.NS,,,,,,,,
,PETRONET.NS,GODREJCP.NS,BLUESTARCO.NS,AMJLAND.NS,,,,,,,,
,PIDILITIND.NS,GODREJIND.NS,BBTC.NS,AMRUTANJAN.NS,,,,,,,,
,PEL.NS,GODREJPROP.NS,BOMDYEING.NS,ANANTRAJ.NS,,,,,,,,
,PFC.NS,GRAPHITE.NS,BOSCHLTD.NS,ANDHRACEMT.NS,,,,,,,,
,POWERGRID.NS,GRASIM.NS,BRIGADE.NS,ANDHRAPAP.NS,,,,,,,,
,PGHH.NS,GSPL.NS,BRITANNIA.NS,ANDHRSUGAR.NS,,,,,,,,
,PNB.NS,HEG.NS,CARERATING.NS,ANIKINDS.NS,,,,,,,,
,RELIANCE.NS,HCLTECH.NS,CCL.NS,ANKITMETAL.NS,,,,,,,,
,SBILIFE.NS,HDFCAMC.NS,CESC.NS,ANSALAPI.NS,,,,,,,,
,SHREECEM.NS,HDFCBANK.NS,CRISIL.NS,ANSALHSG.NS,,,,,,,,
,SRTRANSFIN.NS,HDFCLIFE.NS,CADILAHC.NS,ANUP.NS,,,,,,,,
,SIEMENS.NS,HAVELLS.NS,CANFINHOME.NS,APARINDS.NS,,,,,,,,
,SBIN.NS,HEROMOTOCO.NS,CANBK.NS,APCL.NS,,,,,,,,
,SUNPHARMA.NS,HEXAWARE.NS,CAPLIPOINT.NS,APCOTEXIND.NS,,,,,,,,
,TCS.NS,HINDALCO.NS,CGCL.NS,APEX.NS,,,,,,,,
,TATAMTRDVR.NS,HINDPETRO.NS,CARBORUNIV.NS,APLAPOLLO.NS,,,,,,,,
,TATAMOTORS.NS,HINDUNILVR.NS,CASTROLIND.NS,APLLTD.NS,,,,,,,,
,TATASTEEL.NS,HINDZINC.NS,CEATLTD.NS,APOLLO.NS,,,,,,,,
,TECHM.NS,HUDCO.NS,CENTRALBK.NS,APOLLOHOSP.NS,,,,,,,,
,NIACL.NS,HDFC.NS,CDSL.NS,APOLLOPIPE.NS,,,,,,,,
,TITAN.NS,ICICIBANK.NS,CENTURYPLY.NS,APOLLOTYRE.NS,,,,,,,,
,UPL.NS,ICICIGI.NS,CERA.NS,APOLSINHOT.NS,,,,,,,,
,ULTRACEMCO.NS,ICICIPRULI.NS,CHALET.NS,APTECHT.NS,,,,,,,,
,UBL.NS,IDBI.NS,CHAMBLFERT.NS,ARCHIDPLY.NS,,,,,,,,
,MCDOWELL-N.NS,IDFCFIRSTB.NS,CHENNPETRO.NS,ARCHIES.NS,,,,,,,,
,VEDL.NS,ITC.NS,CHOLAHLDNG.NS,ARCOTECH.NS,,,,,,,,
,IDEA.NS,IBULHSGFIN.NS,CHOLAFIN.NS,ARENTERP.NS,,,,,,,,
,WIPRO.NS,IBVENTURES.NS,CIPLA.NS,ARIES.NS,,,,,,,,
,ZEEL.NS,INDIANB.NS,CUB.NS,ARIHANT.NS,,,,,,,,
,,INDHOTEL.NS,COALINDIA.NS,ARIHANTSUP.NS,,,,,,,,
,,IOC.NS,COCHINSHIP.NS,ARMANFIN.NS,,,,,,,,
,,IGL.NS,COLPAL.NS,AROGRANITE.NS,,,,,,,,
,,INDUSINDBK.NS,CONCOR.NS,ARROWGREEN.NS,,,,,,,,
,,NAUKRI.NS,COROMANDEL.NS,ARSHIYA.NS,,,,,,,,
,,INFY.NS,CREDITACC.NS,ARSSINFRA.NS,,,,,,,,
,,INDIGO.NS,CROMPTON.NS,ARTEMISMED.NS,,,,,,,,
,,IPCALAB.NS,CUMMINSIND.NS,ARVIND.NS,,,,,,,,
,,JSWENERGY.NS,CYIENT.NS,ARVINDFASN.NS,,,,,,,,
,,JSWSTEEL.NS,DBCORP.NS,ARVSMART.NS,,,,,,,,
,,JINDALSTEL.NS,DCBBANK.NS,ASAHIINDIA.NS,,,,,,,,
,,JUBLFOOD.NS,DCMSHRIRAM.NS,ASAHISONG.NS,,,,,,,,
,,JUBILANT.NS,DLF.NS,ASAL.NS,,,,,,,,
,,KOTAKBANK.NS,DABUR.NS,ASALCBR.NS,,,,,,,,
,,L&TFH.NS,DALBHARAT.NS,ASHAPURMIN.NS,,,,,,,,
,,LTTS.NS,DEEPAKNTR.NS,ASHIANA.NS,,,,,,,,
,,LICHSGFIN.NS,DELTACORP.NS,ASHIMASYN.NS,,,,,,,,
,,LTI.NS,DHFL.NS,ASHOKA.NS,,,,,,,,
,,LT.NS,DBL.NS,ASHOKLEY.NS,,,,,,,,
,,LUPIN.NS,DISHTV.NS,ASIANHOTNR.NS,,,,,,,,
,,MRF.NS,DCAL.NS,ASIANPAINT.NS,,,,,,,,
,,MGL.NS,DIVISLAB.NS,ASIANTILES.NS,,,,,,,,
,,M&MFIN.NS,DIXON.NS,ASPINWALL.NS,,,,,,,,
,,M&M.NS,LALPATHLAB.NS,ASTEC.NS,,,,,,,,
,,MANAPPURAM.NS,DRREDDY.NS,ASTERDM.NS,,,,,,,,
,,MRPL.NS,EIDPARRY.NS,ASTRAL.NS,,,,,,,,
,,MARICO.NS,EIHOTEL.NS,ASTRAMICRO.NS,,,,,,,,
,,MARUTI.NS,EDELWEISS.NS,ASTRAZEN.NS,,,,,,,,
,,MFSL.NS,EICHERMOT.NS,ASTRON.NS,,,,,,,,
,,MINDTREE.NS,ELGIEQUIP.NS,ATFL.NS,,,,,,,,
,,MOTHERSUMI.NS,EMAMILTD.NS,ATLANTA.NS,,,,,,,,
,,MPHASIS.NS,ENDURANCE.NS,ATLASCYCLE.NS,,,,,,,,
,,MUTHOOTFIN.NS,ENGINERSIN.NS,ATUL.NS,,,,,,,,
,,NATCOPHARM.NS,EQUITAS.NS,ATULAUTO.NS,,,,,,,,
,,NBCC.NS,ERIS.NS,AUBANK.NS,,,,,,,,
,,NHPC.NS,ESCORTS.NS,AURIONPRO.NS,,,,,,,,
,,NMDC.NS,ESSELPACK.NS,AUROPHARMA.NS,,,,,,,,
,,NTPC.NS,EXIDEIND.NS,AUSOMENT.NS,,,,,,,,
,,NATIONALUM.NS,FDC.NS,AUTOAXLES.NS,,,,,,,,
,,NESTLEIND.NS,FEDERALBNK.NS,AUTOIND.NS,,,,,,,,
,,NAM-INDIA.NS,FMGOETZE.NS,AUTOLITIND.NS,,,,,,,,
,,OBEROIRLTY.NS,FINEORG.NS,AVADHSUGAR.NS,,,,,,,,
,,ONGC.NS,FINCABLES.NS,AVANTIFEED.NS,,,,,,,,
,,OIL.NS,FINPIPE.NS,AVTNPL.NS,,,,,,,,
,,OFSS.NS,FSL.NS,AXISBANK.NS,,,,,,,,
,,PIIND.NS,FORTIS.NS,AXISCADES.NS,,,,,,,,
,,PNBHOUSING.NS,FCONSUMER.NS,AYMSYNTEX.NS,,,,,,,,
,,PAGEIND.NS,FLFL.NS,BAGFILMS.NS,,,,,,,,
,,PETRONET.NS,FRETAIL.NS,BAJAJ-AUTO.NS,,,,,,,,
,,PFIZER.NS,GAIL.NS,BAJAJCON.NS,,,,,,,,
,,PIDILITIND.NS,GEPIL.NS,BAJAJELEC.NS,,,,,,,,
,,PEL.NS,GET&D.NS,BAJAJFINSV.NS,,,,,,,,
,,PFC.NS,GHCL.NS,BAJAJHIND.NS,,,,,,,,
,,POWERGRID.NS,GMRINFRA.NS,BAJAJHLDNG.NS,,,,,,,,
,,PRESTIGE.NS,GALAXYSURF.NS,BAJFINANCE.NS,,,,,,,,
,,PGHH.NS,GARFIBRES.NS,BALAJITELE.NS,,,,,,,,
,,PNB.NS,GAYAPROJ.NS,BALAMINES.NS,,,,,,,,
,,QUESS.NS,GICRE.NS,BALAXI.NS,,,,,,,,
,,RBLBANK.NS,GILLETTE.NS,BALKRISHNA.NS,,,,,,,,
,,RECLTD.NS,GLAXO.NS,BALKRISIND.NS,,,,,,,,
,,RAJESHEXPO.NS,GLENMARK.NS,BALLARPUR.NS,,,,,,,,
,,RELIANCE.NS,GODFRYPHLP.NS,BALMLAWRIE.NS,,,,,,,,
,,SBILIFE.NS,GODREJAGRO.NS,BALPHARMA.NS,,,,,,,,
,,SRF.NS,GODREJCP.NS,BALRAMCHIN.NS,,,,,,,,
,,SHREECEM.NS,GODREJIND.NS,BANARBEADS.NS,,,,,,,,
,,SRTRANSFIN.NS,GODREJPROP.NS,BANARISUG.NS,,,,,,,,
,,SIEMENS.NS,GRANULES.NS,BANCOINDIA.NS,,,,,,,,
,,SBIN.NS,GRAPHITE.NS,BANDHANBNK.NS,,,,,,,,
,,SAIL.NS,GRASIM.NS,BANG.NS,,,,,,,,
,,STRTECH.NS,GESHIP.NS,BANKBARODA.NS,,,,,,,,
,,SUNPHARMA.NS,GREAVESCOT.NS,BANKINDIA.NS,,,,,,,,
,,SUNTV.NS,GRINDWELL.NS,BANSWRAS.NS,,,,,,,,
,,SYNGENE.NS,GUJALKALI.NS,BARTRONICS.NS,,,,,,,,
,,TVSMOTOR.NS,GUJGASLTD.NS,BASF.NS,,,,,,,,
,,TCS.NS,GMDCLTD.NS,BASML.NS,,,,,,,,
,,TATACONSUM.NS,GNFC.NS,BATAINDIA.NS,,,,,,,,
,,TATAMTRDVR.NS,GPPL.NS,BAYERCROP.NS,,,,,,,,
,,TATAMOTORS.NS,GSFC.NS,BBL.NS,,,,,,,,
,,TATAPOWER.NS,GSPL.NS,BBTC.NS,,,,,,,,
,,TATASTEEL.NS,GULFOILLUB.NS,BCG.NS,,,,,,,,
,,TECHM.NS,HEG.NS,BCP.NS,,,,,,,,
,,NIACL.NS,HCLTECH.NS,BDL.NS,,,,,,,,
,,RAMCOCEM.NS,HDFCAMC.NS,BEARDSELL.NS,,,,,,,,
,,TITAN.NS,HDFCBANK.NS,BEDMUTHA.NS,,,,,,,,
,,TORNTPHARM.NS,HDFCLIFE.NS,BEL.NS,,,,,,,,
,,TORNTPOWER.NS,HFCL.NS,BEML.NS,,,,,,,,
,,UPL.NS,HATSUN.NS,BEPL.NS,,,,,,,,
,,ULTRACEMCO.NS,HAVELLS.NS,BERGEPAINT.NS,,,,,,,,
,,UNIONBANK.NS,HEIDELBERG.NS,BFINVEST.NS,,,,,,,,
,,UBL.NS,HERITGFOOD.NS,BFUTILITIE.NS,,,,,,,,
,,MCDOWELL-N.NS,HEROMOTOCO.NS,BGRENERGY.NS,,,,,,,,
,,VGUARD.NS,HEXAWARE.NS,BHAGERIA.NS,,,,,,,,
,,VARROC.NS,HSCL.NS,BHAGYANGR.NS,,,,,,,,
,,VBL.NS,HIMATSEIDE.NS,BHAGYAPROP.NS,,,,,,,,
,,VEDL.NS,HINDALCO.NS,BHANDARI.NS,,,,,,,,
,,IDEA.NS,HAL.NS,BHARATFORG.NS,,,,,,,,
,,VOLTAS.NS,HINDCOPPER.NS,BHARATGEAR.NS,,,,,,,,
,,WHIRLPOOL.NS,HINDPETRO.NS,BHARATRAS.NS,,,,,,,,
,,WIPRO.NS,HINDUNILVR.NS,BHARATWIRE.NS,,,,,,,,
,,ZEEL.NS,HINDZINC.NS,BHARTIARTL.NS,,,,,,,,
,,,HONAUT.NS,BHEL.NS,,,,,,,,
,,,HUDCO.NS,BIGBLOC.NS,,,,,,,,
,,,HDFC.NS,BIL.NS,,,,,,,,
,,,ICICIBANK.NS,BILENERGY.NS,,,,,,,,
,,,ICICIGI.NS,BINDALAGRO.NS,,,,,,,,
,,,ICICIPRULI.NS,BIOCON.NS,,,,,,,,
,,,ISEC.NS,BIOFILCHEM.NS,,,,,,,,
,,,ICRA.NS,BIRLACABLE.NS,,,,,,,,
,,,IDBI.NS,BIRLACORPN.NS,,,,,,,,
,,,IDFCFIRSTB.NS,BIRLAMONEY.NS,,,,,,,,
,,,IDFC.NS,BIRLATYRE.NS,,,,,,,,
,,,IFBIND.NS,BKMINDST.NS,,,,,,,,
,,,IFCI.NS,BLBLIMITED.NS,,,,,,,,
,,,IIFL.NS,BLISSGVS.NS,,,,,,,,
,,,IRB.NS,BLKASHYAP.NS,,,,,,,,
,,,IRCON.NS,BLS.NS,,,,,,,,
,,,ITC.NS,BLUECOAST.NS,,,,,,,,
,,,ITDCEM.NS,BLUEDART.NS,,,,,,,,
,,,ITI.NS,BLUESTARCO.NS,,,,,,,,
,,,INDIACEM.NS,BODALCHEM.NS,,,,,,,,
,,,ITDC.NS,BOMDYEING.NS,,,,,,,,
,,,IBULHSGFIN.NS,BORORENEW.NS,,,,,,,,
,,,IBULISL.NS,BOSCHLTD.NS,,,,,,,,
,,,IBREALEST.NS,BPCL.NS,,,,,,,,
,,,IBVENTURES.NS,BPL.NS,,,,,,,,
,,,INDIAMART.NS,BRFL.NS,,,,,,,,
,,,INDIANB.NS,BRIGADE.NS,,,,,,,,
,,,IEX.NS,BRITANNIA.NS,,,,,,,,
,,,INDHOTEL.NS,BRNL.NS,,,,,,,,
,,,IOC.NS,BROOKS.NS,,,,,,,,
,,,IOB.NS,BSE.NS,,,,,,,,
,,,INDOSTAR.NS,BSELINFRA.NS,,,,,,,,
,,,IGL.NS,BSL.NS,,,,,,,,
,,,INDUSINDBK.NS,BSOFT.NS,,,,,,,,
,,,INFIBEAM.NS,BURNPUR.NS,,,,,,,,
,,,NAUKRI.NS,BUTTERFLY.NS,,,,,,,,
,,,INFY.NS,BVCL.NS,,,,,,,,
,,,INOXLEISUR.NS,BYKE.NS,,,,,,,,
,,,INTELLECT.NS,CADILAHC.NS,,,,,,,,
,,,INDIGO.NS,CALSOFT.NS,,,,,,,,
,,,IPCALAB.NS,CAMLINFINE.NS,,,,,,,,
,,,JBCHEPHARM.NS,CANBK.NS,,,,,,,,
,,,JKCEMENT.NS,CANDC.NS,,,,,,,,
,,,JKLAKSHMI.NS,CANFINHOME.NS,,,,,,,,
,,,JKPAPER.NS,CANTABIL.NS,,,,,,,,
,,,JKTYRE.NS,CAPACITE.NS,,,,,,,,
,,,JMFINANCIL.NS,CAPLIPOINT.NS,,,,,,,,
,,,JSWENERGY.NS,CAPTRUST.NS,,,,,,,,
,,,JSWSTEEL.NS,CARBORUNIV.NS,,,,,,,,
,,,JAGRAN.NS,CAREERP.NS,,,,,,,,
,,,JAICORPLTD.NS,CARERATING.NS,,,,,,,,
,,,JISLJALEQS.NS,CASTEXTECH.NS,,,,,,,,
,,,J&KBANK.NS,CASTROLIND.NS,,,,,,,,
,,,JAMNAAUTO.NS,CCHHL.NS,,,,,,,,
,,,JINDALSAW.NS,CCL.NS,,,,,,,,
,,,JSLHISAR.NS,CDSL.NS,,,,,,,,
,,,JSL.NS,CEATLTD.NS,,,,,,,,
,,,JINDALSTEL.NS,CEBBCO.NS,,,,,,,,
,,,JCHAC.NS,CELEBRITY.NS,,,,,,,,
,,,JUBLFOOD.NS,CENTENKA.NS,,,,,,,,
,,,JUBILANT.NS,CENTEXT.NS,,,,,,,,
,,,JUSTDIAL.NS,CENTRALBK.NS,,,,,,,,
,,,JYOTHYLAB.NS,CENTRUM.NS,,,,,,,,
,,,KPRMILL.NS,CENTUM.NS,,,,,,,,
,,,KEI.NS,CENTURYPLY.NS,,,,,,,,
,,,KNRCON.NS,CENTURYTEX.NS,,,,,,,,
,,,KPITTECH.NS,CERA.NS,,,,,,,,
,,,KRBL.NS,CEREBRAINT.NS,,,,,,,,
,,,KAJARIACER.NS,CESC.NS,,,,,,,,
,,,KALPATPOWR.NS,CESCVENT.NS,,,,,,,,
,,,KANSAINER.NS,CGCL.NS,,,,,,,,
,,,KTKBANK.NS,CGPOWER.NS,,,,,,,,
,,,KARURVYSYA.NS,CHALET.NS,,,,,,,,
,,,KSCL.NS,CHAMBLFERT.NS,,,,,,,,
,,,KEC.NS,CHEMBOND.NS,,,,,,,,
,,,KENNAMET.NS,CHEMFAB.NS,,,,,,,,
,,,KIRLOSENG.NS,CHENNPETRO.NS,,,,,,,,
,,,KOLTEPATIL.NS,CHOLAFIN.NS,,,,,,,,
,,,KOTAKBANK.NS,CHOLAHLDNG.NS,,,,,,,,
,,,L&TFH.NS,CHROMATIC.NS,,,,,,,,
,,,LTTS.NS,CIGNITITEC.NS,,,,,,,,
,,,LICHSGFIN.NS,CIMMCO.NS,,,,,,,,
,,,LAXMIMACH.NS,CINELINE.NS,,,,,,,,
,,,LAKSHVILAS.NS,CINEVISTA.NS,,,,,,,,
,,,LTI.NS,CIPLA.NS,,,,,,,,
,,,LT.NS,CKFSL.NS,,,,,,,,
,,,LAURUSLABS.NS,CLEDUCATE.NS,,,,,,,,
,,,LEMONTREE.NS,CLNINDIA.NS,,,,,,,,
,,,LINDEINDIA.NS,CMICABLES.NS,,,,,,,,
,,,LUPIN.NS,CNOVAPETRO.NS,,,,,,,,
,,,LUXIND.NS,COALINDIA.NS,,,,,,,,
,,,MASFIN.NS,COCHINSHIP.NS,,,,,,,,
,,,MMTC.NS,COLPAL.NS,,,,,,,,
,,,MOIL.NS,COMPINFO.NS,,,,,,,,
,,,MRF.NS,COMPUSOFT.NS,,,,,,,,
,,,MAGMA.NS,CONCOR.NS,,,,,,,,
,,,MGL.NS,CONFIPET.NS,,,,,,,,
,,,MAHSCOOTER.NS,CONSOFINVT.NS,,,,,,,,
,,,MAHSEAMLES.NS,CONTROLPR.NS,,,,,,,,
,,,M&MFIN.NS,CORALFINAC.NS,,,,,,,,
,,,M&M.NS,CORDSCABLE.NS,,,,,,,,
,,,MAHINDCIE.NS,COROMANDEL.NS,,,,,,,,
,,,MHRIL.NS,COSMOFILMS.NS,,,,,,,,
,,,MAHLOG.NS,COUNCODOS.NS,,,,,,,,
,,,MANAPPURAM.NS,COX&KINGS.NS,,,,,,,,
,,,MRPL.NS,CREATIVE.NS,,,,,,,,
,,,MARICO.NS,CREATIVEYE.NS,,,,,,,,
,,,MARUTI.NS,CREDITACC.NS,,,,,,,,
,,,MFSL.NS,CREST.NS,,,,,,,,
,,,METROPOLIS.NS,CRISIL.NS,,,,,,,,
,,,MINDTREE.NS,CROMPTON.NS,,,,,,,,
,,,MINDACORP.NS,CSBBANK.NS,,,,,,,,
,,,MINDAIND.NS,CTE.NS,,,,,,,,
,,,MIDHANI.NS,CUB.NS,,,,,,,,
,,,MOTHERSUMI.NS,CUBEXTUB.NS,,,,,,,,
,,,MOTILALOFS.NS,CUMMINSIND.NS,,,,,,,,
,,,MPHASIS.NS,CUPID.NS,,,,,,,,
,,,MCX.NS,CYBERTECH.NS,,,,,,,,
,,,MUTHOOTFIN.NS,CYIENT.NS,,,,,,,,
,,,NATCOPHARM.NS,DAAWAT.NS,,,,,,,,
,,,NBCC.NS,DABUR.NS,,,,,,,,
,,,NCC.NS,DALBHARAT.NS,,,,,,,,
,,,NESCO.NS,DALMIASUG.NS,,,,,,,,
,,,NHPC.NS,DAMODARIND.NS,,,,,,,,
,,,NIITTECH.NS,DATAMATICS.NS,,,,,,,,
,,,NLCINDIA.NS,DBCORP.NS,,,,,,,,
,,,NMDC.NS,DBL.NS,,,,,,,,
,,,NTPC.NS,DBREALTY.NS,,,,,,,,
,,,NH.NS,DBSTOCKBRO.NS,,,,,,,,
,,,NATIONALUM.NS,DCAL.NS,,,,,,,,
,,,NFL.NS,DCBBANK.NS,,,,,,,,
,,,NBVENTURES.NS,DCM.NS,,,,,,,,
,,,NAVINFLUOR.NS,DCMFINSERV.NS,,,,,,,,
,,,NESTLEIND.NS,DCMNVL.NS,,,,,,,,
,,,NETWORK18.NS,DCMSHRIRAM.NS,,,,,,,,
,,,NILKAMAL.NS,DCW.NS,,,,,,,,
,,,NAM-INDIA.NS,DECCANCE.NS,,,,,,,,
,,,OBEROIRLTY.NS,DEEPAKFERT.NS,,,,,,,,
,,,ONGC.NS,DEEPAKNTR.NS,,,,,,,,
,,,OIL.NS,DEEPIND.NS,,,,,,,,
,,,OMAXE.NS,DELTACORP.NS,,,,,,,,
,,,OFSS.NS,DELTAMAGNT.NS,,,,,,,,
,,,ORIENTCEM.NS,DEN.NS,,,,,,,,
,,,ORIENTELEC.NS,DENORA.NS,,,,,,,,
,,,ORIENTREF.NS,DFMFOODS.NS,,,,,,,,
,,,PCJEWELLER.NS,DGCONTENT.NS,,,,,,,,
,,,PIIND.NS,DHAMPURSUG.NS,,,,,,,,
,,,PNBHOUSING.NS,DHANBANK.NS,,,,,,,,
,,,PNCINFRA.NS,DHANUKA.NS,,,,,,,,
,,,PTC.NS,DHARSUGAR.NS,,,,,,,,
,,,PVR.NS,DHFL.NS,,,,,,,,
,,,PAGEIND.NS,DHUNINV.NS,,,,,,,,
,,,PARAGMILK.NS,DIAMONDYD.NS,,,,,,,,
,,,PERSISTENT.NS,DIAPOWER.NS,,,,,,,,
,,,PETRONET.NS,DICIND.NS,,,,,,,,
,,,PFIZER.NS,DIGISPICE.NS,,,,,,,,
,,,PHILIPCARB.NS,DIGJAMLTD.NS,,,,,,,,
,,,PHOENIXLTD.NS,DISHTV.NS,,,,,,,,
,,,PIDILITIND.NS,DIVISLAB.NS,,,,,,,,
,,,PEL.NS,DIXON.NS,,,,,,,,
,,,POLYCAB.NS,DLF.NS,,,,,,,,
,,,PFC.NS,DLINKINDIA.NS,,,,,,,,
,,,POWERGRID.NS,DMART.NS,,,,,,,,
,,,PRAJIND.NS,DNAMEDIA.NS,,,,,,,,
,,,PRESTIGE.NS,DOLAT.NS,,,,,,,,
,,,PRSMJOHNSN.NS,DOLLAR.NS,,,,,,,,
,,,PGHL.NS,DONEAR.NS,,,,,,,,
,,,PGHH.NS,DPSCLTD.NS,,,,,,,,
,,,PNB.NS,DPWIRES.NS,,,,,,,,
,,,QUESS.NS,DQE.NS,,,,,,,,
,,,RBLBANK.NS,DREDGECORP.NS,,,,,,,,
,,,RECLTD.NS,DRREDDY.NS,,,,,,,,
,,,RITES.NS,DSSL.NS,,,,,,,,
,,,RADICO.NS,DTIL.NS,,,,,,,,
,,,RVNL.NS,DUCON.NS,,,,,,,,
,,,RAIN.NS,DVL.NS,,,,,,,,
,,,RAJESHEXPO.NS,DWARKESH.NS,,,,,,,,
,,,RALLIS.NS,DYNAMATECH.NS,,,,,,,,
,,,RCF.NS,DYNPRO.NS,,,,,,,,
,,,RATNAMANI.NS,EASTSILK.NS,,,,,,,,
,,,RAYMOND.NS,EASUNREYRL.NS,,,,,,,,
,,,REDINGTON.NS,EBIXFOREX.NS,,,,,,,,
,,,RELAXO.NS,ECLERX.NS,,,,,,,,
,,,RELCAPITAL.NS,EDELWEISS.NS,,,,,,,,
,,,RELIANCE.NS,EDL.NS,,,,,,,,
,,,RELINFRA.NS,EDUCOMP.NS,,,,,,,,
,,,RPOWER.NS,EICHERMOT.NS,,,,,,,,
,,,REPCOHOME.NS,EIDPARRY.NS,,,,,,,,
,,,RESPONIND.NS,EIHAHOTELS.NS,,,,,,,,
,,,SHK.NS,EIHOTEL.NS,,,,,,,,
,,,SBILIFE.NS,EIMCOELECO.NS,,,,,,,,
,,,SJVN.NS,EKC.NS,,,,,,,,
,,,SKFINDIA.NS,ELECON.NS,,,,,,,,
,,,SRF.NS,ELECTCAST.NS,,,,,,,,
,,,SADBHAV.NS,ELECTHERM.NS,,,,,,,,
,,,SANOFI.NS,ELGIEQUIP.NS,,,,,,,,
,,,SCHAEFFLER.NS,ELGIRUBCO.NS,,,,,,,,
,,,SIS.NS,EMAMILTD.NS,,,,,,,,
,,,SFL.NS,EMAMIPAP.NS,,,,,,,,
,,,SHILPAMED.NS,EMAMIREAL.NS,,,,,,,,
,,,SHOPERSTOP.NS,EMCO.NS,,,,,,,,
,,,SHREECEM.NS,EMKAY.NS,,,,,,,,
,,,RENUKA.NS,EMMBI.NS,,,,,,,,
,,,SHRIRAMCIT.NS,ENDURANCE.NS,,,,,,,,
,,,SRTRANSFIN.NS,ENERGYDEV.NS,,,,,,,,
,,,SIEMENS.NS,ENGINERSIN.NS,,,,,,,,
,,,SOBHA.NS,ENIL.NS,,,,,,,,
,,,SOLARINDS.NS,EQUITAS.NS,,,,,,,,
,,,SONATSOFTW.NS,ERIS.NS,,,,,,,,
,,,SOUTHBANK.NS,EROSMEDIA.NS,,,,,,,,
,,,SPANDANA.NS,ESABINDIA.NS,,,,,,,,
,,,SPICEJET.NS,ESCORTS.NS,,,,,,,,
,,,STARCEMENT.NS,ESSARSHPNG.NS,,,,,,,,
,,,SBIN.NS,ESSELPACK.NS,,,,,,,,
,,,SAIL.NS,ESTER.NS,,,,,,,,
,,,SWSOLAR.NS,EUROCERA.NS,,,,,,,,
,,,STRTECH.NS,EUROMULTI.NS,,,,,,,,
,,,STAR.NS,EUROTEXIND.NS,,,,,,,,
,,,SUDARSCHEM.NS,EVEREADY.NS,,,,,,,,
,,,SPARC.NS,EVERESTIND.NS,,,,,,,,
,,,SUNPHARMA.NS,EXCEL.NS,,,,,,,,
,,,SUNTV.NS,EXCELINDUS.NS,,,,,,,,
,,,SUNCLAYLTD.NS,EXIDEIND.NS,,,,,,,,
,,,SUNDARMFIN.NS,EXPLEOSOL.NS,,,,,,,,
,,,SUNDRMFAST.NS,FACT.NS,,,,,,,,
,,,SUNTECK.NS,FAIRCHEM.NS,,,,,,,,
,,,SUPRAJIT.NS,FCL.NS,,,,,,,,
,,,SUPREMEIND.NS,FCONSUMER.NS,,,,,,,,
,,,SUZLON.NS,FCSSOFT.NS,,,,,,,,
,,,SWANENERGY.NS,FDC.NS,,,,,,,,
,,,SYMPHONY.NS,FEDERALBNK.NS,,,,,,,,
,,,SYNGENE.NS,FEL.NS,,,,,,,,
,,,TCIEXP.NS,FELDVR.NS,,,,,,,,
,,,TCNSBRANDS.NS,FIEMIND.NS,,,,,,,,
,,,TTKPRESTIG.NS,FILATEX.NS,,,,,,,,
,,,TVTODAY.NS,FINCABLES.NS,,,,,,,,
,,,TV18BRDCST.NS,FINEORG.NS,,,,,,,,
,,,TVSMOTOR.NS,FINPIPE.NS,,,,,,,,
,,,TAKE.NS,FLEXITUFF.NS,,,,,,,,
,,,TASTYBITE.NS,FLFL.NS,,,,,,,,
,,,TCS.NS,FLUOROCHEM.NS,,,,,,,,
,,,TATACONSUM.NS,FMGOETZE.NS,,,,,,,,
,,,TATAELXSI.NS,FMNL.NS,,,,,,,,
,,,TATAINVEST.NS,FORCEMOT.NS,,,,,,,,
,,,TATAMTRDVR.NS,FORTIS.NS,,,,,,,,
,,,TATAMOTORS.NS,FOSECOIND.NS,,,,,,,,
,,,TATAPOWER.NS,FRETAIL.NS,,,,,,,,
,,,TATASTLBSL.NS,FSC.NS,,,,,,,,
,,,TATASTEEL.NS,FSL.NS,,,,,,,,
,,,TEAMLEASE.NS,GABRIEL.NS,,,,,,,,
,,,TECHM.NS,GAEL.NS,,,,,,,,
,,,TECHNOE.NS,GAIL.NS,,,,,,,,
,,,NIACL.NS,GAL.NS,,,,,,,,
,,,RAMCOCEM.NS,GALAXYSURF.NS,,,,,,,,
,,,THERMAX.NS,GALLANTT.NS,,,,,,,,
,,,THYROCARE.NS,GALLISPAT.NS,,,,,,,,
,,,TIMETECHNO.NS,GAMMNINFRA.NS,,,,,,,,
,,,TIMKEN.NS,GANDHITUBE.NS,,,,,,,,
,,,TITAN.NS,GANECOS.NS,,,,,,,,
,,,TORNTPHARM.NS,GANESHHOUC.NS,,,,,,,,
,,,TORNTPOWER.NS,GANGESSECU.NS,,,,,,,,
,,,TRENT.NS,GARDENSILK.NS,,,,,,,,
,,,TRIDENT.NS,GARFIBRES.NS,,,,,,,,
,,,TRITURBINE.NS,GATI.NS,,,,,,,,
,,,TIINDIA.NS,GAYAHWS.NS,,,,,,,,
,,,UCOBANK.NS,GAYAPROJ.NS,,,,,,,,
,,,UFLEX.NS,GBGLOBAL.NS,,,,,,,,
,,,UPL.NS,GDL.NS,,,,,,,,
,,,UJJIVAN.NS,GEECEE.NS,,,,,,,,
,,,ULTRACEMCO.NS,GEEKAYWIRE.NS,,,,,,,,
,,,UNIONBANK.NS,GENESYS.NS,,,,,,,,
,,,UBL.NS,GENUSPAPER.NS,,,,,,,,
,,,MCDOWELL-N.NS,GENUSPOWER.NS,,,,,,,,
,,,VGUARD.NS,GEOJITFSL.NS,,,,,,,,
,,,VMART.NS,GEPIL.NS,,,,,,,,
,,,VIPIND.NS,GESHIP.NS,,,,,,,,
,,,VRLLOG.NS,GET&D.NS,,,,,,,,
,,,VSTIND.NS,GFLLIMITED.NS,,,,,,,,
,,,WABAG.NS,GFSTEELS.NS,,,,,,,,
,,,VAIBHAVGBL.NS,GHCL.NS,,,,,,,,
,,,VAKRANGEE.NS,GICHSGFIN.NS,,,,,,,,
,,,VTL.NS,GICRE.NS,,,,,,,,
,,,VARROC.NS,GILLANDERS.NS,,,,,,,,
,,,VBL.NS,GILLETTE.NS,,,,,,,,
,,,VEDL.NS,GINNIFILA.NS,,,,,,,,
,,,VENKEYS.NS,GIPCL.NS,,,,,,,,
,,,VINATIORGA.NS,GISOLUTION.NS,,,,,,,,
,,,IDEA.NS,GKWLIMITED.NS,,,,,,,,
,,,VOLTAS.NS,GLAXO.NS,,,,,,,,
,,,WABCOINDIA.NS,GLENMARK.NS,,,,,,,,
,,,WELCORP.NS,GLFL.NS,,,,,,,,
,,,WELSPUNIND.NS,GLOBALVECT.NS,,,,,,,,
,,,WESTLIFE.NS,GLOBOFFS.NS,,,,,,,,
,,,WHIRLPOOL.NS,GLOBUSSPR.NS,,,,,,,,
,,,WIPRO.NS,GMBREW.NS,,,,,,,,
,,,WOCKPHARMA.NS,GMDCLTD.NS,,,,,,,,
,,,ZEEL.NS,GMMPFAUDLR.NS,,,,,,,,
,,,ZENSARTECH.NS,GMRINFRA.NS,,,,,,,,
,,,ZYDUSWELL.NS,GNA.NS,,,,,,,,
,,,ECLERX.NS,GNFC.NS,,,,,,,,
,,,,GOACARBON.NS,,,,,,,,
,,,,GOCLCORP.NS,,,,,,,,
,,,,GODFRYPHLP.NS,,,,,,,,
,,,,GODREJAGRO.NS,,,,,,,,
,,,,GODREJCP.NS,,,,,,,,
,,,,GODREJIND.NS,,,,,,,,
,,,,GODREJPROP.NS,,,,,,,,
,,,,GOENKA.NS,,,,,,,,
,,,,GOKEX.NS,,,,,,,,
,,,,GOKUL.NS,,,,,,,,
,,,,GOKULAGRO.NS,,,,,,,,
,,,,GOLDENTOBC.NS,,,,,,,,
,,,,GOLDIAM.NS,,,,,,,,
,,,,GOLDTECH.NS,,,,,,,,
,,,,GOODLUCK.NS,,,,,,,,
,,,,GPIL.NS,,,,,,,,
,,,,GPPL.NS,,,,,,,,
,,,,GPTINFRA.NS,,,,,,,,
,,,,GRANULES.NS,,,,,,,,
,,,,GRAPHITE.NS,,,,,,,,
,,,,GRASIM.NS,,,,,,,,
,,,,GRAVITA.NS,,,,,,,,
,,,,GREAVESCOT.NS,,,,,,,,
,,,,GREENLAM.NS,,,,,,,,
,,,,GREENPANEL.NS,,,,,,,,
,,,,GREENPLY.NS,,,,,,,,
,,,,GREENPOWER.NS,,,,,,,,
,,,,GRINDWELL.NS,,,,,,,,
,,,,GROBTEA.NS,,,,,,,,
,,,,GRPLTD.NS,,,,,,,,
,,,,GRSE.NS,,,,,,,,
,,,,GSCLCEMENT.NS,,,,,,,,
,,,,GSFC.NS,,,,,,,,
,,,,GSPL.NS,,,,,,,,
,,,,GSS.NS,,,,,,,,
,,,,GTL.NS,,,,,,,,
,,,,GTLINFRA.NS,,,,,,,,
,,,,GTNIND.NS,,,,,,,,
,,,,GTNTEX.NS,,,,,,,,
,,,,GTPL.NS,,,,,,,,
,,,,GUFICBIO.NS,,,,,,,,
,,,,GUJALKALI.NS,,,,,,,,
,,,,GUJAPOLLO.NS,,,,,,,,
,,,,GUJGASLTD.NS,,,,,,,,
,,,,GUJRAFFIA.NS,,,,,,,,
,,,,GULFOILLUB.NS,,,,,,,,
,,,,GULFPETRO.NS,,,,,,,,
,,,,GULPOLY.NS,,,,,,,,
,,,,GVKPIL.NS,,,,,,,,
,,,,HAL.NS,,,,,,,,
,,,,HARITASEAT.NS,,,,,,,,
,,,,HARRMALAYA.NS,,,,,,,,
,,,,HATHWAY.NS,,,,,,,,
,,,,HATSUN.NS,,,,,,,,
,,,,HAVELLS.NS,,,,,,,,
,,,,HAVISHA.NS,,,,,,,,
,,,,HBLPOWER.NS,,,,,,,,
,,,,HBSL.NS,,,,,,,,
,,,,HCC.NS,,,,,,,,
,,,,HCG.NS,,,,,,,,
,,,,HCL-INSYS.NS,,,,,,,,
,,,,HCLTECH.NS,,,,,,,,
,,,,HDFC.NS,,,,,,,,
,,,,HDFCAMC.NS,,,,,,,,
,,,,HDFCBANK.NS,,,,,,,,
,,,,HDFCLIFE.NS,,,,,,,,
,,,,HDIL.NS,,,,,,,,
,,,,HEG.NS,,,,,,,,
,,,,HEIDELBERG.NS,,,,,,,,
,,,,HERCULES.NS,,,,,,,,
,,,,HERITGFOOD.NS,,,,,,,,
,,,,HEROMOTOCO.NS,,,,,,,,
,,,,HESTERBIO.NS,,,,,,,,
,,,,HEXATRADEX.NS,,,,,,,,
,,,,HEXAWARE.NS,,,,,,,,
,,,,HFCL.NS,,,,,,,,
,,,,HGINFRA.NS,,,,,,,,
,,,,HGS.NS,,,,,,,,
,,,,HIKAL.NS,,,,,,,,
,,,,HIL.NS,,,,,,,,
,,,,HILTON.NS,,,,,,,,
,,,,HIMATSEIDE.NS,,,,,,,,
,,,,HINDALCO.NS,,,,,,,,
,,,,HINDCOMPOS.NS,,,,,,,,
,,,,HINDCOPPER.NS,,,,,,,,
,,,,HINDMOTORS.NS,,,,,,,,
,,,,HINDNATGLS.NS,,,,,,,,
,,,,HINDOILEXP.NS,,,,,,,,
,,,,HINDPETRO.NS,,,,,,,,
,,,,HINDUNILVR.NS,,,,,,,,
,,,,HINDZINC.NS,,,,,,,,
,,,,HIRECT.NS,,,,,,,,
,,,,HISARMETAL.NS,,,,,,,,
,,,,HITECH.NS,,,,,,,,
,,,,HITECHCORP.NS,,,,,,,,
,,,,HITECHGEAR.NS,,,,,,,,
,,,,HLVLTD.NS,,,,,,,,
,,,,HMT.NS,,,,,,,,
,,,,HMVL.NS,,,,,,,,
,,,,HNDFDS.NS,,,,,,,,
,,,,HONAUT.NS,,,,,,,,
,,,,HONDAPOWER.NS,,,,,,,,
,,,,HOTELRUGBY.NS,,,,,,,,
,,,,HOVS.NS,,,,,,,,
,,,,HPL.NS,,,,,,,,
,,,,HSCL.NS,,,,,,,,
,,,,HSIL.NS,,,,,,,,
,,,,HTMEDIA.NS,,,,,,,,
,,,,HUBTOWN.NS,,,,,,,,
,,,,HUDCO.NS,,,,,,,,
,,,,IBREALEST.NS,,,,,,,,
,,,,IBULHSGFIN.NS,,,,,,,,
,,,,IBULISL.NS,,,,,,,,
,,,,IBVENTURES.NS,,,,,,,,
,,,,ICICIBANK.NS,,,,,,,,
,,,,ICICIGI.NS,,,,,,,,
,,,,ICICIPRULI.NS,,,,,,,,
,,,,ICIL.NS,,,,,,,,
,,,,ICRA.NS,,,,,,,,
,,,,IDBI.NS,,,,,,,,
,,,,IDEA.NS,,,,,,,,
,,,,IDFC.NS,,,,,,,,
,,,,IDFCFIRSTB.NS,,,,,,,,
,,,,IEX.NS,,,,,,,,
,,,,IFBAGRO.NS,,,,,,,,
,,,,IFBIND.NS,,,,,,,,
,,,,IFCI.NS,,,,,,,,
,,,,IFGLEXPOR.NS,,,,,,,,
,,,,IGARASHI.NS,,,,,,,,
,,,,IGL.NS,,,,,,,,
,,,,IGPL.NS,,,,,,,,
,,,,IIFL.NS,,,,,,,,
,,,,IIFLSEC.NS,,,,,,,,
,,,,IIFLWAM.NS,,,,,,,,
,,,,IITL.NS,,,,,,,,
,,,,IL&FSENGG.NS,,,,,,,,
,,,,IL&FSTRANS.NS,,,,,,,,
,,,,IMAGICAA.NS,,,,,,,,
,,,,IMFA.NS,,,,,,,,
,,,,IMPAL.NS,,,,,,,,
,,,,INDBANK.NS,,,,,,,,
,,,,INDHOTEL.NS,,,,,,,,
,,,,INDIACEM.NS,,,,,,,,
,,,,INDIAGLYCO.NS,,,,,,,,
,,,,INDIAMART.NS,,,,,,,,
,,,,INDIANB.NS,,,,,,,,
,,,,INDIANCARD.NS,,,,,,,,
,,,,INDIANHUME.NS,,,,,,,,
,,,,INDIGO.NS,,,,,,,,
,,,,INDLMETER.NS,,,,,,,,
,,,,INDNIPPON.NS,,,,,,,,
,,,,INDOCO.NS,,,,,,,,
,,,,INDORAMA.NS,,,,,,,,
,,,,INDOSOLAR.NS,,,,,,,,
,,,,INDOSTAR.NS,,,,,,,,
,,,,INDOTECH.NS,,,,,,,,
,,,,INDOTHAI.NS,,,,,,,,
,,,,INDOWIND.NS,,,,,,,,
,,,,INDRAMEDCO.NS,,,,,,,,
,,,,INDSWFTLAB.NS,,,,,,,,
,,,,INDSWFTLTD.NS,,,,,,,,
,,,,INDTERRAIN.NS,,,,,,,,
,,,,INDUSINDBK.NS,,,,,,,,
,,,,INEOSSTYRO.NS,,,,,,,,
,,,,INFIBEAM.NS,,,,,,,,
,,,,INFOBEAN.NS,,,,,,,,
,,,,INFOMEDIA.NS,,,,,,,,
,,,,INFRATEL.NS,,,,,,,,
,,,,INFY.NS,,,,,,,,
,,,,INGERRAND.NS,,,,,,,,
,,,,INOXLEISUR.NS,,,,,,,,
,,,,INOXWIND.NS,,,,,,,,
,,,,INSECTICID.NS,,,,,,,,
,,,,INSPIRISYS.NS,,,,,,,,
,,,,INTEGRA.NS,,,,,,,,
,,,,INTELLECT.NS,,,,,,,,
,,,,INTENTECH.NS,,,,,,,,
,,,,INVENTURE.NS,,,,,,,,
,,,,IOB.NS,,,,,,,,
,,,,IOC.NS,,,,,,,,
,,,,IOLCP.NS,,,,,,,,
,,,,IPCALAB.NS,,,,,,,,
,,,,IRB.NS,,,,,,,,
,,,,IRCON.NS,,,,,,,,
,,,,IRCTC.NS,,,,,,,,
,,,,ISEC.NS,,,,,,,,
,,,,ISFT.NS,,,,,,,,
,,,,ISMTLTD.NS,,,,,,,,
,,,,ITC.NS,,,,,,,,
,,,,ITDC.NS,,,,,,,,
,,,,ITDCEM.NS,,,,,,,,
,,,,ITI.NS,,,,,,,,
,,,,IVC.NS,,,,,,,,
,,,,IVP.NS,,,,,,,,
,,,,IZMO.NS,,,,,,,,
,,,,J&KBANK.NS,,,,,,,,
,,,,JAGRAN.NS,,,,,,,,
,,,,JAGSNPHARM.NS,,,,,,,,
,,,,JAIBALAJI.NS,,,,,,,,
,,,,JAICORPLTD.NS,,,,,,,,
,,,,JAIHINDPRO.NS,,,,,,,,
,,,,JAINSTUDIO.NS,,,,,,,,
,,,,JAMNAAUTO.NS,,,,,,,,
,,,,JASH.NS,,,,,,,,
,,,,JAYAGROGN.NS,,,,,,,,
,,,,JAYBARMARU.NS,,,,,,,,
,,,,JAYNECOIND.NS,,,,,,,,
,,,,JAYSREETEA.NS,,,,,,,,
,,,,JBCHEPHARM.NS,,,,,,,,
,,,,JBFIND.NS,,,,,,,,
,,,,JBMA.NS,,,,,,,,
,,,,JCHAC.NS,,,,,,,,
,,,,JETAIRWAYS.NS,,,,,,,,
,,,,JHS.NS,,,,,,,,
,,,,JIKIND.NS,,,,,,,,
,,,,JINDALPHOT.NS,,,,,,,,
,,,,JINDALPOLY.NS,,,,,,,,
,,,,JINDALSAW.NS,,,,,,,,
,,,,JINDALSTEL.NS,,,,,,,,
,,,,JINDRILL.NS,,,,,,,,
,,,,JINDWORLD.NS,,,,,,,,
,,,,JISLDVREQS.NS,,,,,,,,
,,,,JISLJALEQS.NS,,,,,,,,
,,,,JITFINFRA.NS,,,,,,,,
,,,,JIYAECO.NS,,,,,,,,
,,,,JKCEMENT.NS,,,,,,,,
,,,,JKIL.NS,,,,,,,,
,,,,JKLAKSHMI.NS,,,,,,,,
,,,,JKPAPER.NS,,,,,,,,
,,,,JKTYRE.NS,,,,,,,,
,,,,JMA.NS,,,,,,,,
,,,,JMCPROJECT.NS,,,,,,,,
,,,,JMFINANCIL.NS,,,,,,,,
,,,,JMTAUTOLTD.NS,,,,,,,,
,,,,JOCIL.NS,,,,,,,,
,,,,JPASSOCIAT.NS,,,,,,,,
,,,,JPINFRATEC.NS,,,,,,,,
,,,,JPOLYINVST.NS,,,,,,,,
,,,,JPPOWER.NS,,,,,,,,
,,,,JSL.NS,,,,,,,,
,,,,JSLHISAR.NS,,,,,,,,
,,,,JSWENERGY.NS,,,,,,,,
,,,,JSWHL.NS,,,,,,,,
,,,,JSWSTEEL.NS,,,,,,,,
,,,,JTEKTINDIA.NS,,,,,,,,
,,,,JUBILANT.NS,,,,,,,,
,,,,JUBLFOOD.NS,,,,,,,,
,,,,JUBLINDS.NS,,,,,,,,
,,,,JUMPNET.NS,,,,,,,,
,,,,JUSTDIAL.NS,,,,,,,,
,,,,JVLAGRO.NS,,,,,,,,
,,,,JYOTHYLAB.NS,,,,,,,,
,,,,JYOTISTRUC.NS,,,,,,,,
,,,,KABRAEXTRU.NS,,,,,,,,
,,,,KAJARIACER.NS,,,,,,,,
,,,,KAKATCEM.NS,,,,,,,,
,,,,KALPATPOWR.NS,,,,,,,,
,,,,KALYANI.NS,,,,,,,,
,,,,KALYANIFRG.NS,,,,,,,,
,,,,KAMATHOTEL.NS,,,,,,,,
,,,,KAMDHENU.NS,,,,,,,,
,,,,KANANIIND.NS,,,,,,,,
,,,,KANORICHEM.NS,,,,,,,,
,,,,KANSAINER.NS,,,,,,,,
,,,,KARDA.NS,,,,,,,,
,,,,KARMAENG.NS,,,,,,,,
,,,,KARURVYSYA.NS,,,,,,,,
,,,,KAUSHALYA.NS,,,,,,,,
,,,,KAYA.NS,,,,,,,,
,,,,KCP.NS,,,,,,,,
,,,,KCPSUGIND.NS,,,,,,,,
,,,,KDDL.NS,,,,,,,,
,,,,KEC.NS,,,,,,,,
,,,,KECL.NS,,,,,,,,
,,,,KEI.NS,,,,,,,,
,,,,KELLTONTEC.NS,,,,,,,,
,,,,KENNAMET.NS,,,,,,,,
,,,,KERNEX.NS,,,,,,,,
,,,,KESORAMIND.NS,,,,,,,,
,,,,KEYFINSERV.NS,,,,,,,,
,,,,KGL.NS,,,,,,,,
,,,,KHADIM.NS,,,,,,,,
,,,,KHANDSE.NS,,,,,,,,
,,,,KICL.NS,,,,,,,,
,,,,KILITCH.NS,,,,,,,,
,,,,KINGFA.NS,,,,,,,,
,,,,KIOCL.NS,,,,,,,,
,,,,KIRIINDUS.NS,,,,,,,,
,,,,KIRLFER.NS,,,,,,,,
,,,,KIRLOSBROS.NS,,,,,,,,
,,,,KIRLOSENG.NS,,,,,,,,
,,,,KIRLOSIND.NS,,,,,,,,
,,,,KITEX.NS,,,,,,,,
,,,,KKCL.NS,,,,,,,,
,,,,KMSUGAR.NS,,,,,,,,
,,,,KNRCON.NS,,,,,,,,
,,,,KOHINOOR.NS,,,,,,,,
,,,,KOKUYOCMLN.NS,,,,,,,,
,,,,KOLTEPATIL.NS,,,,,,,,
,,,,KOPRAN.NS,,,,,,,,
,,,,KOTAKBANK.NS,,,,,,,,
,,,,KOTARISUG.NS,,,,,,,,
,,,,KOTHARIPET.NS,,,,,,,,
,,,,KOTHARIPRO.NS,,,,,,,,
,,,,KPITTECH.NS,,,,,,,,
,,,,KPRMILL.NS,,,,,,,,
,,,,KRBL.NS,,,,,,,,
,,,,KREBSBIO.NS,,,,,,,,
,,,,KRIDHANINF.NS,,,,,,,,
,,,,KRISHANA.NS,,,,,,,,
,,,,KSB.NS,,,,,,,,
,,,,KSCL.NS,,,,,,,,
,,,,KSERASERA.NS,,,,,,,,
,,,,KSK.NS,,,,,,,,
,,,,KSL.NS,,,,,,,,
,,,,KTKBANK.NS,,,,,,,,
,,,,KUANTUM.NS,,,,,,,,
,,,,KWALITY.NS,,,,,,,,
,,,,L&TFH.NS,,,,,,,,
,,,,LAKPRE.NS,,,,,,,,
,,,,LAKSHVILAS.NS,,,,,,,,
,,,,LALPATHLAB.NS,,,,,,,,
,,,,LAMBODHARA.NS,,,,,,,,
,,,,LAOPALA.NS,,,,,,,,
,,,,LASA.NS,,,,,,,,
,,,,LAURUSLABS.NS,,,,,,,,
,,,,LAXMIMACH.NS,,,,,,,,
,,,,LEMONTREE.NS,,,,,,,,
,,,,LFIC.NS,,,,,,,,
,,,,LGBBROSLTD.NS,,,,,,,,
,,,,LGBFORGE.NS,,,,,,,,
,,,,LIBAS.NS,,,,,,,,
,,,,LIBERTSHOE.NS,,,,,,,,
,,,,LICHSGFIN.NS,,,,,,,,
,,,,LINCOLN.NS,,,,,,,,
,,,,LINCPEN.NS,,,,,,,,
,,,,LINDEINDIA.NS,,,,,,,,
,,,,LOKESHMACH.NS,,,,,,,,
,,,,LOTUSEYE.NS,,,,,,,,
,,,,LOVABLE.NS,,,,,,,,
,,,,LPDC.NS,,,,,,,,
,,,,LSIL.NS,,,,,,,,
,,,,LT.NS,,,,,,,,
,,,,LTI.NS,,,,,,,,
,,,,LTTS.NS,,,,,,,,
,,,,LUMAXIND.NS,,,,,,,,
,,,,LUMAXTECH.NS,,,,,,,,
,,,,LUPIN.NS,,,,,,,,
,,,,LUXIND.NS,,,,,,,,
,,,,LYKALABS.NS,,,,,,,,
,,,,LYPSAGEMS.NS,,,,,,,,
,,,,M&M.NS,,,,,,,,
,,,,M&MFIN.NS,,,,,,,,
,,,,MAANALU.NS,,,,,,,,
,,,,MADHAV.NS,,,,,,,,
,,,,MADHUCON.NS,,,,,,,,
,,,,MADRASFERT.NS,,,,,,,,
,,,,MAGADSUGAR.NS,,,,,,,,
,,,,MAGMA.NS,,,,,,,,
,,,,MAGNUM.NS,,,,,,,,
,,,,MAHABANK.NS,,,,,,,,
,,,,MAHAPEXLTD.NS,,,,,,,,
,,,,MAHASTEEL.NS,,,,,,,,
,,,,MAHEPC.NS,,,,,,,,
,,,,MAHESHWARI.NS,,,,,,,,
,,,,MAHINDCIE.NS,,,,,,,,
,,,,MAHLIFE.NS,,,,,,,,
,,,,MAHLOG.NS,,,,,,,,
,,,,MAHSCOOTER.NS,,,,,,,,
,,,,MAHSEAMLES.NS,,,,,,,,
,,,,MAITHANALL.NS,,,,,,,,
,,,,MAJESCO.NS,,,,,,,,
,,,,MALUPAPER.NS,,,,,,,,
,,,,MANAKALUCO.NS,,,,,,,,
,,,,MANAKCOAT.NS,,,,,,,,
,,,,MANAKSIA.NS,,,,,,,,
,,,,MANAKSTEEL.NS,,,,,,,,
,,,,MANALIPETC.NS,,,,,,,,
,,,,MANAPPURAM.NS,,,,,,,,
,,,,MANGALAM.NS,,,,,,,,
,,,,MANGCHEFER.NS,,,,,,,,
,,,,MANGLMCEM.NS,,,,,,,,
,,,,MANGTIMBER.NS,,,,,,,,
,,,,MANINDS.NS,,,,,,,,
,,,,MANINFRA.NS,,,,,,,,
,,,,MANUGRAPH.NS,,,,,,,,
,,,,MARALOVER.NS,,,,,,,,
,,,,MARATHON.NS,,,,,,,,
,,,,MARICO.NS,,,,,,,,
,,,,MARKSANS.NS,,,,,,,,
,,,,MARUTI.NS,,,,,,,,
,,,,MASFIN.NS,,,,,,,,
,,,,MASKINVEST.NS,,,,,,,,
,,,,MASTEK.NS,,,,,,,,
,,,,MATRIMONY.NS,,,,,,,,
,,,,MAWANASUG.NS,,,,,,,,
,,,,MAXINDIA.NS,,,,,,,,
,,,,MAXVIL.NS,,,,,,,,
,,,,MAYURUNIQ.NS,,,,,,,,
,,,,MAZDA.NS,,,,,,,,
,,,,MBAPL.NS,,,,,,,,
,,,,MBECL.NS,,,,,,,,
,,,,MBLINFRA.NS,,,,,,,,
,,,,MCDHOLDING.NS,,,,,,,,
,,,,MCDOWELL-N.NS,,,,,,,,
,,,,MCLEODRUSS.NS,,,,,,,,
,,,,MCX.NS,,,,,,,,
,,,,MEGASOFT.NS,,,,,,,,
,,,,MEGH.NS,,,,,,,,
,,,,MELSTAR.NS,,,,,,,,
,,,,MENONBE.NS,,,,,,,,
,,,,MEP.NS,,,,,,,,
,,,,MERCATOR.NS,,,,,,,,
,,,,METALFORGE.NS,,,,,,,,
,,,,METKORE.NS,,,,,,,,
,,,,METROPOLIS.NS,,,,,,,,
,,,,MFSL.NS,,,,,,,,
,,,,MGL.NS,,,,,,,,
,,,,MHRIL.NS,,,,,,,,
,,,,MIC.NS,,,,,,,,
,,,,MIDHANI.NS,,,,,,,,
,,,,MINDACORP.NS,,,,,,,,
,,,,MINDAIND.NS,,,,,,,,
,,,,MINDTECK.NS,,,,,,,,
,,,,MINDTREE.NS,,,,,,,,
,,,,MIRCELECTR.NS,,,,,,,,
,,,,MIRZAINT.NS,,,,,,,,
,,,,MITTAL.NS,,,,,,,,
,,,,MMFL.NS,,,,,,,,
,,,,MMP.NS,,,,,,,,
,,,,MMTC.NS,,,,,,,,
,,,,MODIRUBBER.NS,,,,,,,,
,,,,MOHITIND.NS,,,,,,,,
,,,,MOHOTAIND.NS,,,,,,,,
,,,,MOIL.NS,,,,,,,,
,,,,MOLDTECH.NS,,,,,,,,
,,,,MOLDTKPAC.NS,,,,,,,,
,,,,MONTECARLO.NS,,,,,,,,
,,,,MORARJEE.NS,,,,,,,,
,,,,MOREPENLAB.NS,,,,,,,,
,,,,MOTHERSUMI.NS,,,,,,,,
,,,,MOTILALOFS.NS,,,,,,,,
,,,,MOTOGENFIN.NS,,,,,,,,
,,,,MPHASIS.NS,,,,,,,,
,,,,MPSLTD.NS,,,,,,,,
,,,,MRF.NS,,,,,,,,
,,,,MRO-TEK.NS,,,,,,,,
,,,,MRPL.NS,,,,,,,,
,,,,MSPL.NS,,,,,,,,
,,,,MSTCLTD.NS,,,,,,,,
,,,,MTEDUCARE.NS,,,,,,,,
,,,,MTNL.NS,,,,,,,,
,,,,MUKANDENGG.NS,,,,,,,,
,,,,MUKANDLTD.NS,,,,,,,,
,,,,MUKTAARTS.NS,,,,,,,,
,,,,MUNJALAU.NS,,,,,,,,
,,,,MUNJALSHOW.NS,,,,,,,,
,,,,MURUDCERA.NS,,,,,,,,
,,,,MUTHOOTCAP.NS,,,,,,,,
,,,,MUTHOOTFIN.NS,,,,,,,,
,,,,NACLIND.NS,,,,,,,,
,,,,NAGAFERT.NS,,,,,,,,
,,,,NAGREEKCAP.NS,,,,,,,,
,,,,NAGREEKEXP.NS,,,,,,,,
,,,,NAHARCAP.NS,,,,,,,,
,,,,NAHARINDUS.NS,,,,,,,,
,,,,NAHARPOLY.NS,,,,,,,,
,,,,NAHARSPING.NS,,,,,,,,
,,,,NAM-INDIA.NS,,,,,,,,
,,,,NATCOPHARM.NS,,,,,,,,
,,,,NATHBIOGEN.NS,,,,,,,,
,,,,NATIONALUM.NS,,,,,,,,
,,,,NATNLSTEEL.NS,,,,,,,,
,,,,NAUKRI.NS,,,,,,,,
,,,,NAVINFLUOR.NS,,,,,,,,
,,,,NAVKARCORP.NS,,,,,,,,
,,,,NAVNETEDUL.NS,,,,,,,,
,,,,NBCC.NS,,,,,,,,
,,,,NBIFIN.NS,,,,,,,,
,,,,NBVENTURES.NS,,,,,,,,
,,,,NCC.NS,,,,,,,,
,,,,NCLIND.NS,,,,,,,,
,,,,NDGL.NS,,,,,,,,
,,,,NDL.NS,,,,,,,,
,,,,NDTV.NS,,,,,,,,
,,,,NECCLTD.NS,,,,,,,,
,,,,NECLIFE.NS,,,,,,,,
,,,,NELCAST.NS,,,,,,,,
,,,,NELCO.NS,,,,,,,,
,,,,NEOGEN.NS,,,,,,,,
,,,,NESCO.NS,,,,,,,,
,,,,NESTLEIND.NS,,,,,,,,
,,,,NETWORK18.NS,,,,,,,,
,,,,NEULANDLAB.NS,,,,,,,,
,,,,NEWGEN.NS,,,,,,,,
,,,,NEXTMEDIA.NS,,,,,,,,
,,,,NFL.NS,,,,,,,,
,,,,NH.NS,,,,,,,,
,,,,NHPC.NS,,,,,,,,
,,,,NIACL.NS,,,,,,,,
,,,,NIBL.NS,,,,,,,,
,,,,NIITLTD.NS,,,,,,,,
,,,,NIITTECH.NS,,,,,,,,
,,,,NILAINFRA.NS,,,,,,,,
,,,,NILASPACES.NS,,,,,,,,
,,,,NILKAMAL.NS,,,,,,,,
,,,,NIPPOBATRY.NS,,,,,,,,
,,,,NIRAJISPAT.NS,,,,,,,,
,,,,NITCO.NS,,,,,,,,
,,,,NITINFIRE.NS,,,,,,,,
,,,,NITINSPIN.NS,,,,,,,,
,,,,NKIND.NS,,,,,,,,
,,,,NLCINDIA.NS,,,,,,,,
,,,,NMDC.NS,,,,,,,,
,,,,NOCIL.NS,,,,,,,,
,,,,NOIDATOLL.NS,,,,,,,,
,,,,NORBTEAEXP.NS,,,,,,,,
,,,,NRAIL.NS,,,,,,,,
,,,,NRBBEARING.NS,,,,,,,,
,,,,NSIL.NS,,,,,,,,
,,,,NTL.NS,,,,,,,,
,,,,NTPC.NS,,,,,,,,
,,,,NUCLEUS.NS,,,,,,,,
,,,,NXTDIGITAL.NS,,,,,,,,
,,,,OAL.NS,,,,,,,,
,,,,OBEROIRLTY.NS,,,,,,,,
,,,,OCCL.NS,,,,,,,,
,,,,OFSS.NS,,,,,,,,
,,,,OIL.NS,,,,,,,,
,,,,OILCOUNTUB.NS,,,,,,,,
,,,,OISL.NS,,,,,,,,
,,,,OLECTRA.NS,,,,,,,,
,,,,OMAXAUTO.NS,,,,,,,,
,,,,OMAXE.NS,,,,,,,,
,,,,OMKARCHEM.NS,,,,,,,,
,,,,OMMETALS.NS,,,,,,,,
,,,,ONELIFECAP.NS,,,,,,,,
,,,,ONEPOINT.NS,,,,,,,,
,,,,ONGC.NS,,,,,,,,
,,,,ONMOBILE.NS,,,,,,,,
,,,,ONWARDTEC.NS,,,,,,,,
,,,,OPTIEMUS.NS,,,,,,,,
,,,,OPTOCIRCUI.NS,,,,,,,,
,,,,ORBTEXP.NS,,,,,,,,
,,,,ORICONENT.NS,,,,,,,,
,,,,ORIENTABRA.NS,,,,,,,,
,,,,ORIENTALTL.NS,,,,,,,,
,,,,ORIENTBELL.NS,,,,,,,,
,,,,ORIENTCEM.NS,,,,,,,,
,,,,ORIENTELEC.NS,,,,,,,,
,,,,ORIENTHOT.NS,,,,,,,,
,,,,ORIENTLTD.NS,,,,,,,,
,,,,ORIENTPPR.NS,,,,,,,,
,,,,ORIENTREF.NS,,,,,,,,
,,,,ORISSAMINE.NS,,,,,,,,
,,,,ORTEL.NS,,,,,,,,
,,,,ORTINLABSS.NS,,,,,,,,
,,,,OSWALAGRO.NS,,,,,,,,
,,,,PAEL.NS,,,,,,,,
,,,,PAGEIND.NS,,,,,,,,
,,,,PAISALO.NS,,,,,,,,
,,,,PALASHSECU.NS,,,,,,,,
,,,,PALREDTEC.NS,,,,,,,,
,,,,PANACEABIO.NS,,,,,,,,
,,,,PANACHE.NS,,,,,,,,
,,,,PANAMAPET.NS,,,,,,,,
,,,,PAPERPROD.NS,,,,,,,,
,,,,PARABDRUGS.NS,,,,,,,,
,,,,PARACABLES.NS,,,,,,,,
,,,,PARAGMILK.NS,,,,,,,,
,,,,PARSVNATH.NS,,,,,,,,
,,,,PATELENG.NS,,,,,,,,
,,,,PATINTLOG.NS,,,,,,,,
,,,,PATSPINLTD.NS,,,,,,,,
,,,,PCJEWELLER.NS,,,,,,,,
,,,,PDMJEPAPER.NS,,,,,,,,
,,,,PDSMFL.NS,,,,,,,,
,,,,PEARLPOLY.NS,,,,,,,,
,,,,PEL.NS,,,,,,,,
,,,,PENIND.NS,,,,,,,,
,,,,PENINLAND.NS,,,,,,,,
,,,,PERSISTENT.NS,,,,,,,,
,,,,PETRONET.NS,,,,,,,,
,,,,PFC.NS,,,,,,,,
,,,,PFIZER.NS,,,,,,,,
,,,,PFOCUS.NS,,,,,,,,
,,,,PFS.NS,,,,,,,,
,,,,PGEL.NS,,,,,,,,
,,,,PGHH.NS,,,,,,,,
,,,,PGHL.NS,,,,,,,,
,,,,PGIL.NS,,,,,,,,
,,,,PHILIPCARB.NS,,,,,,,,
,,,,PHOENIXLTD.NS,,,,,,,,
,,,,PIDILITIND.NS,,,,,,,,
,,,,PIIND.NS,,,,,,,,
,,,,PILANIINVS.NS,,,,,,,,
,,,,PILITA.NS,,,,,,,,
,,,,PIONDIST.NS,,,,,,,,
,,,,PIONEEREMB.NS,,,,,,,,
,,,,PITTIENG.NS,,,,,,,,
,,,,PKTEA.NS,,,,,,,,
,,,,PLASTIBLEN.NS,,,,,,,,
,,,,PNB.NS,,,,,,,,
,,,,PNBGILTS.NS,,,,,,,,
,,,,PNBHOUSING.NS,,,,,,,,
,,,,PNC.NS,,,,,,,,
,,,,PNCINFRA.NS,,,,,,,,
,,,,PODDARHOUS.NS,,,,,,,,
,,,,PODDARMENT.NS,,,,,,,,
,,,,POKARNA.NS,,,,,,,,
,,,,POLYCAB.NS,,,,,,,,
,,,,POLYMED.NS,,,,,,,,
,,,,POLYPLEX.NS,,,,,,,,
,,,,PONNIERODE.NS,,,,,,,,
,,,,POWERGRID.NS,,,,,,,,
,,,,POWERINDIA.NS,,,,,,,,
,,,,POWERMECH.NS,,,,,,,,
,,,,PPAP.NS,,,,,,,,
,,,,PPL.NS,,,,,,,,
,,,,PRABHAT.NS,,,,,,,,
,,,,PRADIP.NS,,,,,,,,
,,,,PRAENG.NS,,,,,,,,
,,,,PRAJIND.NS,,,,,,,,
,,,,PRAKASH.NS,,,,,,,,
,,,,PRAKASHSTL.NS,,,,,,,,
,,,,PRAXIS.NS,,,,,,,,
,,,,PRECAM.NS,,,,,,,,
,,,,PRECOT.NS,,,,,,,,
,,,,PRECWIRE.NS,,,,,,,,
,,,,PREMEXPLN.NS,,,,,,,,
,,,,PREMIER.NS,,,,,,,,
,,,,PREMIERPOL.NS,,,,,,,,
,,,,PRESSMN.NS,,,,,,,,
,,,,PRESTIGE.NS,,,,,,,,
,,,,PRICOLLTD.NS,,,,,,,,
,,,,PRIMESECU.NS,,,,,,,,
,,,,PRINCEPIPE.NS,,,,,,,,
,,,,PROSEED.NS,,,,,,,,
,,,,PROZONINTU.NS,,,,,,,,
,,,,PRSMJOHNSN.NS,,,,,,,,
,,,,PSB.NS,,,,,,,,
,,,,PSPPROJECT.NS,,,,,,,,
,,,,PTC.NS,,,,,,,,
,,,,PTL.NS,,,,,,,,
,,,,PUNJABCHEM.NS,,,,,,,,
,,,,PUNJLLOYD.NS,,,,,,,,
,,,,PURVA.NS,,,,,,,,
,,,,PVR.NS,,,,,,,,
,,,,QUESS.NS,,,,,,,,
,,,,QUICKHEAL.NS,,,,,,,,
,,,,RADAAN.NS,,,,,,,,
,,,,RADICO.NS,,,,,,,,
,,,,RADIOCITY.NS,,,,,,,,
,,,,RAIN.NS,,,,,,,,
,,,,RAJESHEXPO.NS,,,,,,,,
,,,,RAJRAYON.NS,,,,,,,,
,,,,RAJSREESUG.NS,,,,,,,,
,,,,RAJTV.NS,,,,,,,,
,,,,RALLIS.NS,,,,,,,,
,,,,RAMANEWS.NS,,,,,,,,
,,,,RAMASTEEL.NS,,,,,,,,
,,,,RAMCOCEM.NS,,,,,,,,
,,,,RAMCOIND.NS,,,,,,,,
,,,,RAMCOSYS.NS,,,,,,,,
,,,,RAMKY.NS,,,,,,,,
,,,,RANASUG.NS,,,,,,,,
,,,,RANEENGINE.NS,,,,,,,,
,,,,RANEHOLDIN.NS,,,,,,,,
,,,,RATNAMANI.NS,,,,,,,,
,,,,RAYMOND.NS,,,,,,,,
,,,,RBL.NS,,,,,,,,
,,,,RBLBANK.NS,,,,,,,,
,,,,RCF.NS,,,,,,,,
,,,,RCOM.NS,,,,,,,,
,,,,RECLTD.NS,,,,,,,,
,,,,REDINGTON.NS,,,,,,,,
,,,,REFEX.NS,,,,,,,,
,,,,RELAXO.NS,,,,,,,,
,,,,RELCAPITAL.NS,,,,,,,,
,,,,RELIANCE.NS,,,,,,,,
,,,,RELIGARE.NS,,,,,,,,
,,,,RELINFRA.NS,,,,,,,,
,,,,REMSONSIND.NS,,,,,,,,
,,,,RENUKA.NS,,,,,,,,
,,,,REPCOHOME.NS,,,,,,,,
,,,,REPRO.NS,,,,,,,,
,,,,RESPONIND.NS,,,,,,,,
,,,,REVATHI.NS,,,,,,,,
,,,,RGL.NS,,,,,,,,
,,,,RHFL.NS,,,,,,,,
,,,,RICOAUTO.NS,,,,,,,,
,,,,RIIL.NS,,,,,,,,
,,,,RITES.NS,,,,,,,,
,,,,RKDL.NS,,,,,,,,
,,,,RKFORGE.NS,,,,,,,,
,,,,RMCL.NS,,,,,,,,
,,,,RML.NS,,,,,,,,
,,,,RNAVAL.NS,,,,,,,,
,,,,ROHITFERRO.NS,,,,,,,,
,,,,ROHLTD.NS,,,,,,,,
,,,,ROLLT.NS,,,,,,,,
,,,,ROLTA.NS,,,,,,,,
,,,,ROSSELLIND.NS,,,,,,,,
,,,,RPGLIFE.NS,,,,,,,,
,,,,RPOWER.NS,,,,,,,,
,,,,RPPINFRA.NS,,,,,,,,
,,,,RSSOFTWARE.NS,,,,,,,,
,,,,RSWM.NS,,,,,,,,
,,,,RSYSTEMS.NS,,,,,,,,
,,,,RTNINFRA.NS,,,,,,,,
,,,,RTNPOWER.NS,,,,,,,,
,,,,RUBYMILLS.NS,,,,,,,,
,,,,RUCHI.NS,,,,,,,,
,,,,RUCHINFRA.NS,,,,,,,,
,,,,RUCHIRA.NS,,,,,,,,
,,,,RUPA.NS,,,,,,,,
,,,,RUSHIL.NS,,,,,,,,
,,,,RVNL.NS,,,,,,,,
,,,,S&SPOWER.NS,,,,,,,,
,,,,SABEVENTS.NS,,,,,,,,
,,,,SADBHAV.NS,,,,,,,,
,,,,SADBHIN.NS,,,,,,,,
,,,,SAFARI.NS,,,,,,,,
,,,,SAGARDEEP.NS,,,,,,,,
,,,,SAGCEM.NS,,,,,,,,
,,,,SAIL.NS,,,,,,,,
,,,,SAKAR.NS,,,,,,,,
,,,,SAKHTISUG.NS,,,,,,,,
,,,,SAKSOFT.NS,,,,,,,,
,,,,SAKUMA.NS,,,,,,,,
,,,,SALASAR.NS,,,,,,,,
,,,,SALONA.NS,,,,,,,,
,,,,SALSTEEL.NS,,,,,,,,
,,,,SALZERELEC.NS,,,,,,,,
,,,,SAMBHAAV.NS,,,,,,,,
,,,,SANCO.NS,,,,,,,,
,,,,SANDESH.NS,,,,,,,,
,,,,SANDHAR.NS,,,,,,,,
,,,,SANGAMIND.NS,,,,,,,,
,,,,SANGHIIND.NS,,,,,,,,
,,,,SANGHVIFOR.NS,,,,,,,,
,,,,SANGHVIMOV.NS,,,,,,,,
,,,,SANGINITA.NS,,,,,,,,
,,,,SANOFI.NS,,,,,,,,
,,,,SANWARIA.NS,,,,,,,,
,,,,SARDAEN.NS,,,,,,,,
,,,,SAREGAMA.NS,,,,,,,,
,,,,SARLAPOLY.NS,,,,,,,,
,,,,SASKEN.NS,,,,,,,,
,,,,SASTASUNDR.NS,,,,,,,,
,,,,SATHAISPAT.NS,,,,,,,,
,,,,SATIA.NS,,,,,,,,
,,,,SATIN.NS,,,,,,,,
,,,,SBICARD.NS,,,,,,,,
,,,,SBILIFE.NS,,,,,,,,
,,,,SBIN.NS,,,,,,,,
,,,,SCAPDVR.NS,,,,,,,,
,,,,SCHAEFFLER.NS,,,,,,,,
,,,,SCHAND.NS,,,,,,,,
,,,,SCHNEIDER.NS,,,,,,,,
,,,,SCI.NS,,,,,,,,
,,,,SDBL.NS,,,,,,,,
,,,,SEAMECLTD.NS,,,,,,,,
,,,,SELAN.NS,,,,,,,,
,,,,SEPOWER.NS,,,,,,,,
,,,,SEQUENT.NS,,,,,,,,
,,,,SESHAPAPER.NS,,,,,,,,
,,,,SETCO.NS,,,,,,,,
,,,,SETUINFRA.NS,,,,,,,,
,,,,SEYAIND.NS,,,,,,,,
,,,,SEZAL.NS,,,,,,,,
,,,,SFL.NS,,,,,,,,
,,,,SGL.NS,,,,,,,,
,,,,SHAHALLOYS.NS,,,,,,,,
,,,,SHAKTIPUMP.NS,,,,,,,,
,,,,SHALBY.NS,,,,,,,,
,,,,SHALPAINTS.NS,,,,,,,,
,,,,SHANKARA.NS,,,,,,,,
,,,,SHANTIGEAR.NS,,,,,,,,
,,,,SHARDACROP.NS,,,,,,,,
,,,,SHARDAMOTR.NS,,,,,,,,
,,,,SHEMAROO.NS,,,,,,,,
,,,,SHIL.NS,,,,,,,,
,,,,SHILPAMED.NS,,,,,,,,
,,,,SHIRPUR-G.NS,,,,,,,,
,,,,SHIVAMAUTO.NS,,,,,,,,
,,,,SHIVAMILLS.NS,,,,,,,,
,,,,SHIVATEX.NS,,,,,,,,
,,,,SHK.NS,,,,,,,,
,,,,SHOPERSTOP.NS,,,,,,,,
,,,,SHREDIGCEM.NS,,,,,,,,
,,,,SHREECEM.NS,,,,,,,,
,,,,SHREEPUSHK.NS,,,,,,,,
,,,,SHREERAMA.NS,,,,,,,,
,,,,SHRENIK.NS,,,,,,,,
,,,,SHREYANIND.NS,,,,,,,,
,,,,SHREYAS.NS,,,,,,,,
,,,,SHRIPISTON.NS,,,,,,,,
,,,,SHRIRAMCIT.NS,,,,,,,,
,,,,SHRIRAMEPC.NS,,,,,,,,
,,,,SHYAMCENT.NS,,,,,,,,
,,,,SHYAMTEL.NS,,,,,,,,
,,,,SICAGEN.NS,,,,,,,,
,,,,SICAL.NS,,,,,,,,
,,,,SIEMENS.NS,,,,,,,,
,,,,SIGIND.NS,,,,,,,,
,,,,SIL.NS,,,,,,,,
,,,,SILINV.NS,,,,,,,,
,,,,SIMBHALS.NS,,,,,,,,
,,,,SIMPLEXINF.NS,,,,,,,,
,,,,SINTEX.NS,,,,,,,,
,,,,SIRCA.NS,,,,,,,,
,,,,SIS.NS,,,,,,,,
,,,,SITINET.NS,,,,,,,,
,,,,SIYSIL.NS,,,,,,,,
,,,,SJVN.NS,,,,,,,,
,,,,SKFINDIA.NS,,,,,,,,
,,,,SKIL.NS,,,,,,,,
,,,,SKIPPER.NS,,,,,,,,
,,,,SKMEGGPROD.NS,,,,,,,,
,,,,SMARTLINK.NS,,,,,,,,
,,,,SMLISUZU.NS,,,,,,,,
,,,,SMSLIFE.NS,,,,,,,,
,,,,SMSPHARMA.NS,,,,,,,,
,,,,SNOWMAN.NS,,,,,,,,
,,,,SOBHA.NS,,,,,,,,
,,,,SOLARA.NS,,,,,,,,
,,,,SOLARINDS.NS,,,,,,,,
,,,,SOMANYCERA.NS,,,,,,,,
,,,,SOMATEX.NS,,,,,,,,
,,,,SOMICONVEY.NS,,,,,,,,
,,,,SONATSOFTW.NS,,,,,,,,
,,,,SORILINFRA.NS,,,,,,,,
,,,,SOTL.NS,,,,,,,,
,,,,SOUTHBANK.NS,,,,,,,,
,,,,SOUTHWEST.NS,,,,,,,,
,,,,SPAL.NS,,,,,,,,
,,,,SPANDANA.NS,,,,,,,,
,,,,SPARC.NS,,,,,,,,
,,,,SPECIALITY.NS,,,,,,,,
,,,,SPENCERS.NS,,,,,,,,
,,,,SPENTEX.NS,,,,,,,,
,,,,SPIC.NS,,,,,,,,
,,,,SPICEJET.NS,,,,,,,,
,,,,SPLIL.NS,,,,,,,,
,,,,SPMLINFRA.NS,,,,,,,,
,,,,SPTL.NS,,,,,,,,
,,,,SPYL.NS,,,,,,,,
,,,,SREEL.NS,,,,,,,,
,,,,SREINFRA.NS,,,,,,,,
,,,,SRF.NS,,,,,,,,
,,,,SRHHYPOLTD.NS,,,,,,,,
,,,,SRIPIPES.NS,,,,,,,,
,,,,SRTRANSFIN.NS,,,,,,,,
,,,,SSWL.NS,,,,,,,,
,,,,STAMPEDE.NS,,,,,,,,
,,,,STAR.NS,,,,,,,,
,,,,STARCEMENT.NS,,,,,,,,
,,,,STARPAPER.NS,,,,,,,,
,,,,STCINDIA.NS,,,,,,,,
,,,,STEELCITY.NS,,,,,,,,
,,,,STEELXIND.NS,,,,,,,,
,,,,STEL.NS,,,,,,,,
,,,,STERTOOLS.NS,,,,,,,,
,,,,STINDIA.NS,,,,,,,,
,,,,STRTECH.NS,,,,,,,,
,,,,SUBCAPCITY.NS,,,,,,,,
,,,,SUBEX.NS,,,,,,,,
,,,,SUBROS.NS,,,,,,,,
,,,,SUDARSCHEM.NS,,,,,,,,
,,,,SUJANAUNI.NS,,,,,,,,
,,,,SUMEETINDS.NS,,,,,,,,
,,,,SUMICHEM.NS,,,,,,,,
,,,,SUMIT.NS,,,,,,,,
,,,,SUMMITSEC.NS,,,,,,,,
,,,,SUNCLAYLTD.NS,,,,,,,,
,,,,SUNDARAM.NS,,,,,,,,
,,,,SUNDARMFIN.NS,,,,,,,,
,,,,SUNDARMHLD.NS,,,,,,,,
,,,,SUNDRMBRAK.NS,,,,,,,,
,,,,SUNDRMFAST.NS,,,,,,,,
,,,,SUNFLAG.NS,,,,,,,,
,,,,SUNPHARMA.NS,,,,,,,,
,,,,SUNTECK.NS,,,,,,,,
,,,,SUNTV.NS,,,,,,,,
,,,,SUPERHOUSE.NS,,,,,,,,
,,,,SUPERSPIN.NS,,,,,,,,
,,,,SUPPETRO.NS,,,,,,,,
,,,,SUPRAJIT.NS,,,,,,,,
,,,,SUPREMEIND.NS,,,,,,,,
,,,,SUPREMEINF.NS,,,,,,,,
,,,,SURANASOL.NS,,,,,,,,
,,,,SURANAT&P.NS,,,,,,,,
,,,,SURYALAXMI.NS,,,,,,,,
,,,,SURYAROSNI.NS,,,,,,,,
,,,,SUTLEJTEX.NS,,,,,,,,
,,,,SUVEN.NS,,,,,,,,
,,,,SUVENPHAR.NS,,,,,,,,
,,,,SUZLON.NS,,,,,,,,
,,,,SWANENERGY.NS,,,,,,,,
,,,,SWARAJENG.NS,,,,,,,,
,,,,SWELECTES.NS,,,,,,,,
,,,,SWSOLAR.NS,,,,,,,,
,,,,SYMPHONY.NS,,,,,,,,
,,,,SYNCOM.NS,,,,,,,,
,,,,SYNGENE.NS,,,,,,,,
,,,,TAINWALCHM.NS,,,,,,,,
,,,,TAJGVK.NS,,,,,,,,
,,,,TAKE.NS,,,,,,,,
,,,,TALBROAUTO.NS,,,,,,,,
,,,,TALWALKARS.NS,,,,,,,,
,,,,TALWGYM.NS,,,,,,,,
,,,,TANLA.NS,,,,,,,,
,,,,TARMAT.NS,,,,,,,,
,,,,TASTYBITE.NS,,,,,,,,
,,,,TATACHEM.NS,,,,,,,,
,,,,TATACOFFEE.NS,,,,,,,,
,,,,TATACOMM.NS,,,,,,,,
,,,,TATACONSUM.NS,,,,,,,,
,,,,TATAELXSI.NS,,,,,,,,
,,,,TATAINVEST.NS,,,,,,,,
,,,,TATAMETALI.NS,,,,,,,,
,,,,TATAMOTORS.NS,,,,,,,,
,,,,TATAMTRDVR.NS,,,,,,,,
,,,,TATAPOWER.NS,,,,,,,,
,,,,TATASTEEL.NS,,,,,,,,
,,,,TATASTLBSL.NS,,,,,,,,
,,,,TATASTLLP.NS,,,,,,,,
,,,,TBZ.NS,,,,,,,,
,,,,TCI.NS,,,,,,,,
,,,,TCIDEVELOP.NS,,,,,,,,
,,,,TCIEXP.NS,,,,,,,,
,,,,TCIFINANCE.NS,,,,,,,,
,,,,TCNSBRANDS.NS,,,,,,,,
,,,,TCPLPACK.NS,,,,,,,,
,,,,TCS.NS,,,,,,,,
,,,,TDPOWERSYS.NS,,,,,,,,
,,,,TEAMLEASE.NS,,,,,,,,
,,,,TECHIN.NS,,,,,,,,
,,,,TECHM.NS,,,,,,,,
,,,,TECHNOE.NS,,,,,,,,
,,,,TECHNOFAB.NS,,,,,,,,
,,,,TEJASNET.NS,,,,,,,,
,,,,TERASOFT.NS,,,,,,,,
,,,,TEXINFRA.NS,,,,,,,,
,,,,TEXMOPIPES.NS,,,,,,,,
,,,,TEXRAIL.NS,,,,,,,,
,,,,TFCILTD.NS,,,,,,,,
,,,,TFL.NS,,,,,,,,
,,,,TGBHOTELS.NS,,,,,,,,
,,,,THANGAMAYL.NS,,,,,,,,
,,,,THEINVEST.NS,,,,,,,,
,,,,THEMISMED.NS,,,,,,,,
,,,,THERMAX.NS,,,,,,,,
,,,,THIRUSUGAR.NS,,,,,,,,
,,,,THOMASCOOK.NS,,,,,,,,
,,,,THOMASCOTT.NS,,,,,,,,
,,,,THYROCARE.NS,,,,,,,,
,,,,TI.NS,,,,,,,,
,,,,TIDEWATER.NS,,,,,,,,
,,,,TIIL.NS,,,,,,,,
,,,,TIINDIA.NS,,,,,,,,
,,,,TIJARIA.NS,,,,,,,,
,,,,TIL.NS,,,,,,,,
,,,,TIMESGTY.NS,,,,,,,,
,,,,TIMETECHNO.NS,,,,,,,,
,,,,TIMKEN.NS,,,,,,,,
,,,,TINPLATE.NS,,,,,,,,
,,,,TIPSINDLTD.NS,,,,,,,,
,,,,TIRUMALCHM.NS,,,,,,,,
,,,,TITAN.NS,,,,,,,,
,,,,TMRVL.NS,,,,,,,,
,,,,TNPETRO.NS,,,,,,,,
,,,,TNPL.NS,,,,,,,,
,,,,TNTELE.NS,,,,,,,,
,,,,TOKYOPLAST.NS,,,,,,,,
,,,,TORNTPHARM.NS,,,,,,,,
,,,,TORNTPOWER.NS,,,,,,,,
,,,,TOUCHWOOD.NS,,,,,,,,
,,,,TPLPLASTEH.NS,,,,,,,,
,,,,TREEHOUSE.NS,,,,,,,,
,,,,TREJHARA.NS,,,,,,,,
,,,,TRENT.NS,,,,,,,,
,,,,TRF.NS,,,,,,,,
,,,,TRIDENT.NS,,,,,,,,
,,,,TRIGYN.NS,,,,,,,,
,,,,TRIL.NS,,,,,,,,
,,,,TRITURBINE.NS,,,,,,,,
,,,,TRIVENI.NS,,,,,,,,
,,,,TTKHLTCARE.NS,,,,,,,,
,,,,TTKPRESTIG.NS,,,,,,,,
,,,,TTL.NS,,,,,,,,
,,,,TTML.NS,,,,,,,,
,,,,TV18BRDCST.NS,,,,,,,,
,,,,TVSELECT.NS,,,,,,,,
,,,,TVSMOTOR.NS,,,,,,,,
,,,,TVSSRICHAK.NS,,,,,,,,
,,,,TVTODAY.NS,,,,,,,,
,,,,TVVISION.NS,,,,,,,,
,,,,TWL.NS,,,,,,,,
,,,,UBL.NS,,,,,,,,
,,,,UCALFUEL.NS,,,,,,,,
,,,,UCOBANK.NS,,,,,,,,
,,,,UFLEX.NS,,,,,,,,
,,,,UFO.NS,,,,,,,,
,,,,UGARSUGAR.NS,,,,,,,,
,,,,UJAAS.NS,,,,,,,,
,,,,UJJIVAN.NS,,,,,,,,
,,,,UJJIVANSFB.NS,,,,,,,,
,,,,ULTRACEMCO.NS,,,,,,,,
,,,,UMANGDAIRY.NS,,,,,,,,
,,,,UMESLTD.NS,,,,,,,,
,,,,UNICHEMLAB.NS,,,,,,,,
,,,,UNIENTER.NS,,,,,,,,
,,,,UNIONBANK.NS,,,,,,,,
,,,,UNIPLY.NS,,,,,,,,
,,,,UNITECH.NS,,,,,,,,
,,,,UNITEDTEA.NS,,,,,,,,
,,,,UNITY.NS,,,,,,,,
,,,,UNIVCABLES.NS,,,,,,,,
,,,,UNIVPHOTO.NS,,,,,,,,
,,,,UPL.NS,,,,,,,,
,,,,URJA.NS,,,,,,,,
,,,,USHAMART.NS,,,,,,,,
,,,,UTTAMSTL.NS,,,,,,,,
,,,,UTTAMSUGAR.NS,,,,,,,,
,,,,UVSL.NS,,,,,,,,
,,,,V2RETAIL.NS,,,,,,,,
,,,,VADILALIND.NS,,,,,,,,
,,,,VAIBHAVGBL.NS,,,,,,,,
,,,,VAISHALI.NS,,,,,,,,
,,,,VAKRANGEE.NS,,,,,,,,
,,,,VARDHACRLC.NS,,,,,,,,
,,,,VARDMNPOLY.NS,,,,,,,,
,,,,VARROC.NS,,,,,,,,
,,,,VASCONEQ.NS,,,,,,,,
,,,,VASWANI.NS,,,,,,,,
,,,,VBL.NS,,,,,,,,
,,,,VEDL.NS,,,,,,,,
,,,,VENKEYS.NS,,,,,,,,
,,,,VENUSREM.NS,,,,,,,,
,,,,VERTOZ.NS,,,,,,,,
,,,,VESUVIUS.NS,,,,,,,,
,,,,VETO.NS,,,,,,,,
,,,,VGUARD.NS,,,,,,,,
,,,,VHL.NS,,,,,,,,
,,,,VICEROY.NS,,,,,,,,
,,,,VIDEOIND.NS,,,,,,,,
,,,,VIDHIING.NS,,,,,,,,
,,,,VIJIFIN.NS,,,,,,,,
,,,,VIKASECO.NS,,,,,,,,
,,,,VIKASMCORP.NS,,,,,,,,
,,,,VIKASPROP.NS,,,,,,,,
,,,,VIKASWSP.NS,,,,,,,,
,,,,VIMTALABS.NS,,,,,,,,
,,,,VINATIORGA.NS,,,,,,,,
,,,,VINDHYATEL.NS,,,,,,,,
,,,,VINYLINDIA.NS,,,,,,,,
,,,,VIPCLOTHNG.NS,,,,,,,,
,,,,VIPIND.NS,,,,,,,,
,,,,VIPULLTD.NS,,,,,,,,
,,,,VISAKAIND.NS,,,,,,,,
,,,,VISASTEEL.NS,,,,,,,,
,,,,VISHAL.NS,,,,,,,,
,,,,VISHNU.NS,,,,,,,,
,,,,VISHWARAJ.NS,,,,,,,,
,,,,VIVIDHA.NS,,,,,,,,
,,,,VIVIMEDLAB.NS,,,,,,,,
,,,,VLSFINANCE.NS,,,,,,,,
,,,,VMART.NS,,,,,,,,
,,,,VOLTAMP.NS,,,,,,,,
,,,,VOLTAS.NS,,,,,,,,
,,,,VRLLOG.NS,,,,,,,,
,,,,VSSL.NS,,,,,,,,
,,,,VSTIND.NS,,,,,,,,
,,,,VSTTILLERS.NS,,,,,,,,
,,,,VTL.NS,,,,,,,,
,,,,WABAG.NS,,,,,,,,
,,,,WABCOINDIA.NS,,,,,,,,
,,,,WALCHANNAG.NS,,,,,,,,
,,,,WANBURY.NS,,,,,,,,
,,,,WATERBASE.NS,,,,,,,,
,,,,WEBELSOLAR.NS,,,,,,,,
,,,,WEIZMANIND.NS,,,,,,,,
,,,,WELCORP.NS,,,,,,,,
,,,,WELENT.NS,,,,,,,,
,,,,WELINV.NS,,,,,,,,
,,,,WELSPUNIND.NS,,,,,,,,
,,,,WENDT.NS,,,,,,,,
,,,,WESTLIFE.NS,,,,,,,,
,,,,WHEELS.NS,,,,,,,,
,,,,WHIRLPOOL.NS,,,,,,,,
,,,,WILLAMAGOR.NS,,,,,,,,
,,,,WINDMACHIN.NS,,,,,,,,
,,,,WIPL.NS,,,,,,,,
,,,,WIPRO.NS,,,,,,,,
,,,,WOCKPHARMA.NS,,,,,,,,
,,,,WONDERLA.NS,,,,,,,,
,,,,WSI.NS,,,,,,,,
,,,,WSTCSTPAPR.NS,,,,,,,,
,,,,XCHANGING.NS,,,,,,,,
,,,,XELPMOC.NS,,,,,,,,
,,,,XPROINDIA.NS,,,,,,,,
,,,,YESBANK.NS,,,,,,,,
,,,,ZEEL.NS,,,,,,,,
,,,,ZEELEARN.NS,,,,,,,,
,,,,ZEEMEDIA.NS,,,,,,,,
,,,,ZENITHBIR.NS,,,,,,,,
,,,,ZENITHEXPO.NS,,,,,,,,
,,,,ZENSARTECH.NS,,,,,,,,
,,,,ZENTEC.NS,,,,,,,,
,,,,ZICOM.NS,,,,,,,,
,,,,ZODIACLOTH.NS,,,,,,,,
,,,,ZODJRDMKJ.NS,,,,,,,,
,,,,ZOTA.NS,,,,,,,,
,,,,ZUARI.NS,,,,,,,,
,,,,ZUARIGLOB.NS,,,,,,,,
,,,,ZYDUSWELL.NS,,,,,,,,